district_id,source_province,source_district,source_name,normalized_name,match_method,confidence
TR-4948093e48,ADANA,ALADAĞ(KARSANTI),ADANA / ALADAĞ(KARSANTI),ADANA|ALADAG(KARSANTI),exact,1.0
TR-a45aec271b,ADANA,CEYHAN,ADANA / CEYHAN,ADANA|CEYHAN,exact,1.0
TR-679bca6028,ADANA,FEKE,ADANA / FEKE,ADANA|FEKE,exact,1.0
TR-668da2467f,ADANA,KARATAŞ,ADANA / KARATAŞ,ADANA|KARATAS,exact,1.0
TR-2367189f65,ADANA,KARAİSALI,ADANA / KARAİSALI,ADANA|KARAISALI,exact,1.0
TR-e45aa71f09,ADANA,KOZAN,ADANA / KOZAN,ADANA|KOZAN,exact,1.0
TR-848e2534ad,ADANA,POZANTI,ADANA / POZANTI,ADANA|POZANTI,exact,1.0
TR-0846081c38,ADANA,SARIÇAM,ADANA / SARIÇAM,ADANA|SARICAM,exact,1.0
TR-ee8ab05a8a,ADANA,SAİMBEYLİ,ADANA / SAİMBEYLİ,ADANA|SAIMBEYLI,exact,1.0
TR-494f5524ea,ADANA,SEYHAN,ADANA / SEYHAN,ADANA|SEYHAN,exact,1.0
TR-cb21a11f1e,ADANA,TUFANBEYLİ,ADANA / TUFANBEYLİ,ADANA|TUFANBEYLI,exact,1.0
TR-f94fdb03d6,ADANA,YUMURTALIK,ADANA / YUMURTALIK,ADANA|YUMURTALIK,exact,1.0
TR-c45fe58b1b,ADANA,YÜREĞİR,ADANA / YÜREĞİR,ADANA|YUREGIR,exact,1.0
TR-4790f44701,ADANA,ÇUKUROVA,ADANA / ÇUKUROVA,ADANA|CUKUROVA,exact,1.0
TR-5dee4381a9,ADANA,İMAMOĞLU,ADANA / İMAMOĞLU,ADANA|IMAMOGLU,exact,1.0
TR-5a7e9768da,ADIYAMAN,ADIYAMAN,ADIYAMAN / ADIYAMAN,ADIYAMAN|ADIYAMAN,exact,1.0
TR-74523917f0,ADIYAMAN,BESNİ,ADIYAMAN / BESNİ,ADIYAMAN|BESNI,exact,1.0
TR-d6d6cf5d06,ADIYAMAN,GERGER,ADIYAMAN / GERGER,ADIYAMAN|GERGER,exact,1.0
TR-67cf07fdc5,ADIYAMAN,GÖLBAŞI,ADIYAMAN / GÖLBAŞI,ADIYAMAN|GOLBASI,exact,1.0
TR-feeb3f26fc,ADIYAMAN,KAHTA,ADIYAMAN / KAHTA,ADIYAMAN|KAHTA,exact,1.0
TR-1b1e5b718b,ADIYAMAN,SAMSAT,ADIYAMAN / SAMSAT,ADIYAMAN|SAMSAT,exact,1.0
TR-50e0041070,ADIYAMAN,SİNCİK,ADIYAMAN / SİNCİK,ADIYAMAN|SINCIK,exact,1.0
TR-9356d84718,ADIYAMAN,TUT,ADIYAMAN / TUT,ADIYAMAN|TUT,exact,1.0
TR-686a46d004,ADIYAMAN,ÇELİKHAN,ADIYAMAN / ÇELİKHAN,ADIYAMAN|CELIKHAN,exact,1.0
TR-b5c0ee926c,AFYONKARAHİSAR,AFYON,AFYONKARAHİSAR / AFYON,AFYONKARAHISAR|AFYON,exact,1.0
TR-80fded3577,AFYONKARAHİSAR,BAYAT,AFYONKARAHİSAR / BAYAT,AFYONKARAHISAR|BAYAT,exact,1.0
TR-fa5bfdc185,AFYONKARAHİSAR,BAŞMAKÇI,AFYONKARAHİSAR / BAŞMAKÇI,AFYONKARAHISAR|BASMAKCI,exact,1.0
TR-c6bc10ba4d,AFYONKARAHİSAR,BOLVADİN,AFYONKARAHİSAR / BOLVADİN,AFYONKARAHISAR|BOLVADIN,exact,1.0
TR-f57aab8a72,AFYONKARAHİSAR,DAZKIRI,AFYONKARAHİSAR / DAZKIRI,AFYONKARAHISAR|DAZKIRI,exact,1.0
TR-4d5aff5b7c,AFYONKARAHİSAR,DİNAR,AFYONKARAHİSAR / DİNAR,AFYONKARAHISAR|DINAR,exact,1.0
TR-c2785fb5ac,AFYONKARAHİSAR,EMİRDAĞ,AFYONKARAHİSAR / EMİRDAĞ,AFYONKARAHISAR|EMIRDAG,exact,1.0
TR-1203bc61e4,AFYONKARAHİSAR,EVCİLER,AFYONKARAHİSAR / EVCİLER,AFYONKARAHISAR|EVCILER,exact,1.0
TR-12562bc4bc,AFYONKARAHİSAR,HOCALAR,AFYONKARAHİSAR / HOCALAR,AFYONKARAHISAR|HOCALAR,exact,1.0
TR-8295518cdc,AFYONKARAHİSAR,KIZILÖREN,AFYONKARAHİSAR / KIZILÖREN,AFYONKARAHISAR|KIZILOREN,exact,1.0
TR-d08a0f1953,AFYONKARAHİSAR,SANDIKLI,AFYONKARAHİSAR / SANDIKLI,AFYONKARAHISAR|SANDIKLI,exact,1.0
TR-ccd3dab284,AFYONKARAHİSAR,SULTANDAĞI,AFYONKARAHİSAR / SULTANDAĞI,AFYONKARAHISAR|SULTANDAGI,exact,1.0
TR-69a9402e4d,AFYONKARAHİSAR,SİNCANLI(SİNANPAŞA),AFYONKARAHİSAR / SİNCANLI(SİNANPAŞA),AFYONKARAHISAR|SINCANLI(SINANPASA),exact,1.0
TR-6ddff9f783,AFYONKARAHİSAR,ÇAY,AFYONKARAHİSAR / ÇAY,AFYONKARAHISAR|CAY,exact,1.0
TR-be39ec0254,AFYONKARAHİSAR,ÇOBANLAR,AFYONKARAHİSAR / ÇOBANLAR,AFYONKARAHISAR|COBANLAR,exact,1.0
TR-9021aee901,AFYONKARAHİSAR,İHSANİYE,AFYONKARAHİSAR / İHSANİYE,AFYONKARAHISAR|IHSANIYE,exact,1.0
TR-68aeeda422,AFYONKARAHİSAR,İSCEHİSAR,AFYONKARAHİSAR / İSCEHİSAR,AFYONKARAHISAR|ISCEHISAR,exact,1.0
TR-cafb020eb6,AFYONKARAHİSAR,ŞUHUT,AFYONKARAHİSAR / ŞUHUT,AFYONKARAHISAR|SUHUT,exact,1.0
TR-6f16a11fc2,AKSARAY,AKSARAY,AKSARAY / AKSARAY,AKSARAY|AKSARAY,exact,1.0
TR-c8784fd0d8,AKSARAY,AĞAÇÖREN,AKSARAY / AĞAÇÖREN,AKSARAY|AGACOREN,exact,1.0
TR-fc242b3d1e,AKSARAY,ESKİL,AKSARAY / ESKİL,AKSARAY|ESKIL,exact,1.0
TR-c4396dc867,AKSARAY,GÜLAĞAÇ,AKSARAY / GÜLAĞAÇ,AKSARAY|GULAGAC,exact,1.0
TR-544acc3c9a,AKSARAY,GÜZELYURT,AKSARAY / GÜZELYURT,AKSARAY|GUZELYURT,exact,1.0
TR-9ad3d1a559,AKSARAY,ORTAKÖY,AKSARAY / ORTAKÖY,AKSARAY|ORTAKOY,exact,1.0
TR-6648ff8a5b,AKSARAY,SARIYAHŞİ,AKSARAY / SARIYAHŞİ,AKSARAY|SARIYAHSI,exact,1.0
TR-da5269233e,AMASYA,AMASYA,AMASYA / AMASYA,AMASYA|AMASYA,exact,1.0
TR-0a72f01dbf,AMASYA,GÖYNÜCEK,AMASYA / GÖYNÜCEK,AMASYA|GOYNUCEK,exact,1.0
TR-43eb7eaade,AMASYA,GÜMÜŞHACIKÖY,AMASYA / GÜMÜŞHACIKÖY,AMASYA|GUMUSHACIKOY,exact,1.0
TR-f129ff52e3,AMASYA,HAMAMÖZÜ,AMASYA / HAMAMÖZÜ,AMASYA|HAMAMOZU,exact,1.0
TR-21329d25aa,AMASYA,MERZİFON,AMASYA / MERZİFON,AMASYA|MERZIFON,exact,1.0
TR-883bbdaf4e,AMASYA,SULUOVA,AMASYA / SULUOVA,AMASYA|SULUOVA,exact,1.0
TR-480f786894,AMASYA,TAŞOVA,AMASYA / TAŞOVA,AMASYA|TASOVA,exact,1.0
TR-9eb5e8efed,ANKARA,AKYURT,ANKARA / AKYURT,ANKARA|AKYURT,exact,1.0
TR-837842e348,ANKARA,ALTINDAĞ,ANKARA / ALTINDAĞ,ANKARA|ALTINDAG,exact,1.0
TR-cb507da01a,ANKARA,AYAŞ,ANKARA / AYAŞ,ANKARA|AYAS,exact,1.0
TR-d597002898,ANKARA,BALA,ANKARA / BALA,ANKARA|BALA,exact,1.0
TR-29b80d0f90,ANKARA,BEYPAZARI,ANKARA / BEYPAZARI,ANKARA|BEYPAZARI,exact,1.0
TR-09a5f9ff30,ANKARA,ELMADAĞ,ANKARA / ELMADAĞ,ANKARA|ELMADAG,exact,1.0
TR-9e551fa50a,ANKARA,ETİMESGUT,ANKARA / ETİMESGUT,ANKARA|ETIMESGUT,exact,1.0
TR-f39a65249d,ANKARA,EVREN,ANKARA / EVREN,ANKARA|EVREN,exact,1.0
TR-dbfb281000,ANKARA,GÖLBAŞI,ANKARA / GÖLBAŞI,ANKARA|GOLBASI,exact,1.0
TR-f97e5e1ba9,ANKARA,GÜDÜL,ANKARA / GÜDÜL,ANKARA|GUDUL,exact,1.0
TR-d3306ce52b,ANKARA,HAYMANA,ANKARA / HAYMANA,ANKARA|HAYMANA,exact,1.0
TR-eac996c856,ANKARA,KALECİK,ANKARA / KALECİK,ANKARA|KALECIK,exact,1.0
TR-9762ca9c14,ANKARA,KAZAN,ANKARA / KAZAN,ANKARA|KAZAN,exact,1.0
TR-48070a05e4,ANKARA,KEÇİÖREN,ANKARA / KEÇİÖREN,ANKARA|KECIOREN,exact,1.0
TR-636df42fd4,ANKARA,KIZILCAHAMAM,ANKARA / KIZILCAHAMAM,ANKARA|KIZILCAHAMAM,exact,1.0
TR-a333afd6a9,ANKARA,MAMAK,ANKARA / MAMAK,ANKARA|MAMAK,exact,1.0
TR-6c1a2652ae,ANKARA,NALLIHAN,ANKARA / NALLIHAN,ANKARA|NALLIHAN,exact,1.0
TR-43624fd43a,ANKARA,POLATLI,ANKARA / POLATLI,ANKARA|POLATLI,exact,1.0
TR-8d313ed00f,ANKARA,PURSAKLAR,ANKARA / PURSAKLAR,ANKARA|PURSAKLAR,exact,1.0
TR-a892ec7545,ANKARA,SİNCAN,ANKARA / SİNCAN,ANKARA|SINCAN,exact,1.0
TR-7e371242a1,ANKARA,YENİMAHALLE,ANKARA / YENİMAHALLE,ANKARA|YENIMAHALLE,exact,1.0
TR-3de3c0f731,ANKARA,ÇAMLIDERE,ANKARA / ÇAMLIDERE,ANKARA|CAMLIDERE,exact,1.0
TR-65fa7e7b7c,ANKARA,ÇANKAYA,ANKARA / ÇANKAYA,ANKARA|CANKAYA,exact,1.0
TR-37c51146c8,ANKARA,ÇUBUK,ANKARA / ÇUBUK,ANKARA|CUBUK,exact,1.0
TR-fe542d4a1c,ANKARA,ŞEREFLİKOÇHİSAR,ANKARA / ŞEREFLİKOÇHİSAR,ANKARA|SEREFLIKOCHISAR,exact,1.0
TR-34b8c10cb6,ANTALYA,AKSEKİ,ANTALYA / AKSEKİ,ANTALYA|AKSEKI,exact,1.0
TR-0c77eda402,ANTALYA,AKSU,ANTALYA / AKSU,ANTALYA|AKSU,exact,1.0
TR-25d23dcca7,ANTALYA,ALANYA,ANTALYA / ALANYA,ANTALYA|ALANYA,exact,1.0
TR-20db5bcd81,ANTALYA,DEMRE(KALE),ANTALYA / DEMRE(KALE),ANTALYA|DEMRE(KALE),exact,1.0
TR-933bc96bc9,ANTALYA,DÖŞEMEALTI,ANTALYA / DÖŞEMEALTI,ANTALYA|DOSEMEALTI,exact,1.0
TR-b1c32fc23a,ANTALYA,ELMALI,ANTALYA / ELMALI,ANTALYA|ELMALI,exact,1.0
TR-bc7040eccd,ANTALYA,FİNİKE,ANTALYA / FİNİKE,ANTALYA|FINIKE,exact,1.0
TR-f3a85a9488,ANTALYA,GAZİPAŞA,ANTALYA / GAZİPAŞA,ANTALYA|GAZIPASA,exact,1.0
TR-fd4e4eaf23,ANTALYA,GÜNDOĞMUŞ,ANTALYA / GÜNDOĞMUŞ,ANTALYA|GUNDOGMUS,exact,1.0
TR-4140f93f00,ANTALYA,KAŞ,ANTALYA / KAŞ,ANTALYA|KAS,exact,1.0
TR-66db1e5f01,ANTALYA,KEMER,ANTALYA / KEMER,ANTALYA|KEMER,exact,1.0
TR-3655e680c7,ANTALYA,KEPEZ,ANTALYA / KEPEZ,ANTALYA|KEPEZ,exact,1.0
TR-788281d12b,ANTALYA,KONYAALTI,ANTALYA / KONYAALTI,ANTALYA|KONYAALTI,exact,1.0
TR-54b55552bc,ANTALYA,KORKUTELİ,ANTALYA / KORKUTELİ,ANTALYA|KORKUTELI,exact,1.0
TR-6e8a40f963,ANTALYA,KUMLUCA,ANTALYA / KUMLUCA,ANTALYA|KUMLUCA,exact,1.0
TR-a20ec407d6,ANTALYA,MANAVGAT,ANTALYA / MANAVGAT,ANTALYA|MANAVGAT,exact,1.0
TR-65d3833967,ANTALYA,MURATPAŞA,ANTALYA / MURATPAŞA,ANTALYA|MURATPASA,exact,1.0
TR-6d65c2eaf4,ANTALYA,SERİK,ANTALYA / SERİK,ANTALYA|SERIK,exact,1.0
TR-956f3ac4d6,ANTALYA,İBRADI(AYDINKENT),ANTALYA / İBRADI(AYDINKENT),ANTALYA|IBRADI(AYDINKENT),exact,1.0
TR-6140611774,ARDAHAN,ARDAHAN,ARDAHAN / ARDAHAN,ARDAHAN|ARDAHAN,exact,1.0
TR-e42aaa033b,ARDAHAN,DAMAL,ARDAHAN / DAMAL,ARDAHAN|DAMAL,exact,1.0
TR-ef94a72b8a,ARDAHAN,GÖLE,ARDAHAN / GÖLE,ARDAHAN|GOLE,exact,1.0
TR-e66d074b62,ARDAHAN,HANAK,ARDAHAN / HANAK,ARDAHAN|HANAK,exact,1.0
TR-0345472e11,ARDAHAN,POSOF,ARDAHAN / POSOF,ARDAHAN|POSOF,exact,1.0
TR-a1690a9ef5,ARDAHAN,ÇILDIR,ARDAHAN / ÇILDIR,ARDAHAN|CILDIR,exact,1.0
TR-d8d3b20251,ARTVİN,ARDANUÇ,ARTVİN / ARDANUÇ,ARTVIN|ARDANUC,exact,1.0
TR-cf04381337,ARTVİN,ARHAVİ,ARTVİN / ARHAVİ,ARTVIN|ARHAVI,exact,1.0
TR-8f246e11e8,ARTVİN,ARTVİN,ARTVİN / ARTVİN,ARTVIN|ARTVIN,exact,1.0
TR-bbc6e73035,ARTVİN,BORÇKA,ARTVİN / BORÇKA,ARTVIN|BORCKA,exact,1.0
TR-53ea76b46b,ARTVİN,HOPA,ARTVİN / HOPA,ARTVIN|HOPA,exact,1.0
TR-855394d448,ARTVİN,MURGUL(GÖKTAŞ),ARTVİN / MURGUL(GÖKTAŞ),ARTVIN|MURGUL(GOKTAS),exact,1.0
TR-700bdc6471,ARTVİN,YUSUFELİ,ARTVİN / YUSUFELİ,ARTVIN|YUSUFELI,exact,1.0
TR-fdf38b2df1,ARTVİN,ŞAVŞAT,ARTVİN / ŞAVŞAT,ARTVIN|SAVSAT,exact,1.0
TR-d1ee55fafc,AYDIN,AYDIN,AYDIN / AYDIN,AYDIN|AYDIN,exact,1.0
TR-981ebcc274,AYDIN,BOZDOĞAN,AYDIN / BOZDOĞAN,AYDIN|BOZDOGAN,exact,1.0
TR-779cc8d94a,AYDIN,BUHARKENT(ÇUBUKDAĞI),AYDIN / BUHARKENT(ÇUBUKDAĞI),AYDIN|BUHARKENT(CUBUKDAGI),exact,1.0
TR-fd0d16c383,AYDIN,DİDİM(YENİHİSAR),AYDIN / DİDİM(YENİHİSAR),AYDIN|DIDIM(YENIHISAR),exact,1.0
TR-0b816c93d1,AYDIN,GERMENCİK,AYDIN / GERMENCİK,AYDIN|GERMENCIK,exact,1.0
TR-af4e3cea19,AYDIN,KARACASU,AYDIN / KARACASU,AYDIN|KARACASU,exact,1.0
TR-a7de999225,AYDIN,KARPUZLU,AYDIN / KARPUZLU,AYDIN|KARPUZLU,exact,1.0
TR-66a3b66593,AYDIN,KOÇARLI,AYDIN / KOÇARLI,AYDIN|KOCARLI,exact,1.0
TR-cc63d7af6d,AYDIN,KUYUCAK,AYDIN / KUYUCAK,AYDIN|KUYUCAK,exact,1.0
TR-c9aed2bbf9,AYDIN,KUŞADASI,AYDIN / KUŞADASI,AYDIN|KUSADASI,exact,1.0
TR-ab77ba5d2c,AYDIN,KÖŞK,AYDIN / KÖŞK,AYDIN|KOSK,exact,1.0
TR-2d40920fde,AYDIN,NAZİLLİ,AYDIN / NAZİLLİ,AYDIN|NAZILLI,exact,1.0
TR-aa4ff8cb7a,AYDIN,SULTANHİSAR,AYDIN / SULTANHİSAR,AYDIN|SULTANHISAR,exact,1.0
TR-364cf23dcb,AYDIN,SÖKE,AYDIN / SÖKE,AYDIN|SOKE,exact,1.0
TR-6dc06a060d,AYDIN,YENİPAZAR,AYDIN / YENİPAZAR,AYDIN|YENIPAZAR,exact,1.0
TR-3cc49fd026,AYDIN,ÇİNE,AYDIN / ÇİNE,AYDIN|CINE,exact,1.0
TR-21da047c35,AYDIN,İNCİRLİOVA,AYDIN / İNCİRLİOVA,AYDIN|INCIRLIOVA,exact,1.0
TR-57b015e800,AĞRI,AĞRI,AĞRI / AĞRI,AGRI|AGRI,exact,1.0
TR-f76ea89095,AĞRI,DOĞUBAYAZIT(DOĞUBEYAZIT),AĞRI / DOĞUBAYAZIT(DOĞUBEYAZIT),AGRI|DOGUBAYAZIT(DOGUBEYAZIT),exact,1.0
TR-2e2c93ce11,AĞRI,DİYADİN,AĞRI / DİYADİN,AGRI|DIYADIN,exact,1.0
TR-21e9de7516,AĞRI,ELEŞKİRT,AĞRI / ELEŞKİRT,AGRI|ELESKIRT,exact,1.0
TR-62a5d417b3,AĞRI,HAMUR,AĞRI / HAMUR,AGRI|HAMUR,exact,1.0
TR-2c73e77fa9,AĞRI,PATNOS,AĞRI / PATNOS,AGRI|PATNOS,exact,1.0
TR-a2a9ab5cfc,AĞRI,TAŞLIÇAY,AĞRI / TAŞLIÇAY,AGRI|TASLICAY,exact,1.0
TR-cfdca8b439,AĞRI,TUTAK,AĞRI / TUTAK,AGRI|TUTAK,exact,1.0
TR-edb628286d,BALIKESİR,AYVALIK,BALIKESİR / AYVALIK,BALIKESIR|AYVALIK,exact,1.0
TR-5f4861830a,BALIKESİR,BALIKESİR,BALIKESİR / BALIKESİR,BALIKESIR|BALIKESIR,exact,1.0
TR-b30574bc0c,BALIKESİR,BALYA,BALIKESİR / BALYA,BALIKESIR|BALYA,exact,1.0
TR-b719597914,BALIKESİR,BANDIRMA,BALIKESİR / BANDIRMA,BALIKESIR|BANDIRMA,exact,1.0
TR-2152ef3e09,BALIKESİR,BURHANİYE,BALIKESİR / BURHANİYE,BALIKESIR|BURHANIYE,exact,1.0
TR-13ee7e7270,BALIKESİR,BİGADİÇ,BALIKESİR / BİGADİÇ,BALIKESIR|BIGADIC,exact,1.0
TR-a508f416b5,BALIKESİR,DURSUNBEY,BALIKESİR / DURSUNBEY,BALIKESIR|DURSUNBEY,exact,1.0
TR-04d4a59945,BALIKESİR,EDREMİT,BALIKESİR / EDREMİT,BALIKESIR|EDREMIT,exact,1.0
TR-a4f4e4de1b,BALIKESİR,ERDEK,BALIKESİR / ERDEK,BALIKESIR|ERDEK,exact,1.0
TR-74a04f76b1,BALIKESİR,GÖMEÇ,BALIKESİR / GÖMEÇ,BALIKESIR|GOMEC,exact,1.0
TR-2a0f878f44,BALIKESİR,GÖNEN,BALIKESİR / GÖNEN,BALIKESIR|GONEN,exact,1.0
TR-2c29babe4e,BALIKESİR,HAVRAN,BALIKESİR / HAVRAN,BALIKESIR|HAVRAN,exact,1.0
TR-507acf7610,BALIKESİR,KEPSUT,BALIKESİR / KEPSUT,BALIKESIR|KEPSUT,exact,1.0
TR-f3efcaa2f7,BALIKESİR,MANYAS,BALIKESİR / MANYAS,BALIKESIR|MANYAS,exact,1.0
TR-9837e25458,BALIKESİR,MARMARA,BALIKESİR / MARMARA,BALIKESIR|MARMARA,exact,1.0
TR-c8c7c368e8,BALIKESİR,SAVAŞTEPE,BALIKESİR / SAVAŞTEPE,BALIKESIR|SAVASTEPE,exact,1.0
TR-3f3295dfa6,BALIKESİR,SINDIRGI,BALIKESİR / SINDIRGI,BALIKESIR|SINDIRGI,exact,1.0
TR-3690263eb5,BALIKESİR,SUSURLUK,BALIKESİR / SUSURLUK,BALIKESIR|SUSURLUK,exact,1.0
TR-2223cfbf65,BALIKESİR,İVRİNDİ,BALIKESİR / İVRİNDİ,BALIKESIR|IVRINDI,exact,1.0
TR-1fc79128bc,BARTIN,AMASRA,BARTIN / AMASRA,BARTIN|AMASRA,exact,1.0
TR-12cc75ff3c,BARTIN,BARTIN,BARTIN / BARTIN,BARTIN|BARTIN,exact,1.0
TR-4c49fc92f6,BARTIN,KURUCAŞİLE,BARTIN / KURUCAŞİLE,BARTIN|KURUCASILE,exact,1.0
TR-5168fe5c21,BARTIN,ULUS,BARTIN / ULUS,BARTIN|ULUS,exact,1.0
TR-aee2183018,BATMAN,BATMAN,BATMAN / BATMAN,BATMAN|BATMAN,exact,1.0
TR-50320045d1,BATMAN,BEŞİRİ,BATMAN / BEŞİRİ,BATMAN|BESIRI,exact,1.0
TR-1fb43b55fa,BATMAN,GERCÜŞ,BATMAN / GERCÜŞ,BATMAN|GERCUS,exact,1.0
TR-8c8be118ce,BATMAN,HASANKEYF,BATMAN / HASANKEYF,BATMAN|HASANKEYF,exact,1.0
TR-c612d5e162,BATMAN,KOZLUK,BATMAN / KOZLUK,BATMAN|KOZLUK,exact,1.0
TR-70b06bfa00,BATMAN,SASON,BATMAN / SASON,BATMAN|SASON,exact,1.0
TR-1e2c06f544,BAYBURT,AYDINTEPE,BAYBURT / AYDINTEPE,BAYBURT|AYDINTEPE,exact,1.0
TR-0ebb3fc53e,BAYBURT,BAYBURT,BAYBURT / BAYBURT,BAYBURT|BAYBURT,exact,1.0
TR-af89eef320,BAYBURT,DEMİRÖZÜ,BAYBURT / DEMİRÖZÜ,BAYBURT|DEMIROZU,exact,1.0
TR-fc4d9fe2c8,BOLU,BOLU,BOLU / BOLU,BOLU|BOLU,exact,1.0
TR-bc436d2f94,BOLU,DÖRTDİVAN,BOLU / DÖRTDİVAN,BOLU|DORTDIVAN,exact,1.0
TR-b67faefe60,BOLU,GEREDE,BOLU / GEREDE,BOLU|GEREDE,exact,1.0
TR-9199b46b2a,BOLU,GÖYNÜK,BOLU / GÖYNÜK,BOLU|GOYNUK,exact,1.0
TR-9270c63855,BOLU,KIBRISCIK,BOLU / KIBRISCIK,BOLU|KIBRISCIK,exact,1.0
TR-90205d5e89,BOLU,MENGEN,BOLU / MENGEN,BOLU|MENGEN,exact,1.0
TR-5859502872,BOLU,MUDURNU,BOLU / MUDURNU,BOLU|MUDURNU,exact,1.0
TR-6846f4941b,BOLU,SEBEN,BOLU / SEBEN,BOLU|SEBEN,exact,1.0
TR-a61e7ecac6,BOLU,YENİÇAĞA,BOLU / YENİÇAĞA,BOLU|YENICAGA,exact,1.0
TR-c94869edc4,BURDUR,ALTINYAYLA(DİRMİL),BURDUR / ALTINYAYLA(DİRMİL),BURDUR|ALTINYAYLA(DIRMIL),exact,1.0
TR-2640450832,BURDUR,AĞLASUN,BURDUR / AĞLASUN,BURDUR|AGLASUN,exact,1.0
TR-177dbae0a5,BURDUR,BUCAK,BURDUR / BUCAK,BURDUR|BUCAK,exact,1.0
TR-fbc6fda77b,BURDUR,BURDUR,BURDUR / BURDUR,BURDUR|BURDUR,exact,1.0
TR-d74ffdd0b4,BURDUR,GÖLHİSAR,BURDUR / GÖLHİSAR,BURDUR|GOLHISAR,exact,1.0
TR-a2767e387a,BURDUR,KARAMANLI,BURDUR / KARAMANLI,BURDUR|KARAMANLI,exact,1.0
TR-9dc95d786d,BURDUR,KEMER,BURDUR / KEMER,BURDUR|KEMER,exact,1.0
TR-62473ccd23,BURDUR,TEFENNİ,BURDUR / TEFENNİ,BURDUR|TEFENNI,exact,1.0
TR-66c21944ef,BURDUR,YEŞİLOVA,BURDUR / YEŞİLOVA,BURDUR|YESILOVA,exact,1.0
TR-b058e6dd1b,BURDUR,ÇAVDIR,BURDUR / ÇAVDIR,BURDUR|CAVDIR,exact,1.0
TR-c4659ed840,BURDUR,ÇELTİKÇİ,BURDUR / ÇELTİKÇİ,BURDUR|CELTIKCI,exact,1.0
TR-b82eebdfb2,BURSA,BÜYÜKORHAN,BURSA / BÜYÜKORHAN,BURSA|BUYUKORHAN,exact,1.0
TR-f6198bee96,BURSA,GEMLİK,BURSA / GEMLİK,BURSA|GEMLIK,exact,1.0
TR-609b78c608,BURSA,GÜRSU,BURSA / GÜRSU,BURSA|GURSU,exact,1.0
TR-ea099c03c8,BURSA,HARMANCIK,BURSA / HARMANCIK,BURSA|HARMANCIK,exact,1.0
TR-51e97dc6ef,BURSA,KARACABEY,BURSA / KARACABEY,BURSA|KARACABEY,exact,1.0
TR-602dd9d1b0,BURSA,KELES,BURSA / KELES,BURSA|KELES,exact,1.0
TR-328404c9b5,BURSA,KESTEL,BURSA / KESTEL,BURSA|KESTEL,exact,1.0
TR-4f8332d3be,BURSA,MUDANYA,BURSA / MUDANYA,BURSA|MUDANYA,exact,1.0
TR-11cbe0ba6c,BURSA,MUSTAFAKEMALPAŞA,BURSA / MUSTAFAKEMALPAŞA,BURSA|MUSTAFAKEMALPASA,exact,1.0
TR-2e660defe6,BURSA,NİLÜFER,BURSA / NİLÜFER,BURSA|NILUFER,exact,1.0
TR-7f81f247fd,BURSA,ORHANELİ,BURSA / ORHANELİ,BURSA|ORHANELI,exact,1.0
TR-c03cc5d5ec,BURSA,ORHANGAZİ,BURSA / ORHANGAZİ,BURSA|ORHANGAZI,exact,1.0
TR-1f28844e45,BURSA,OSMANGAZİ,BURSA / OSMANGAZİ,BURSA|OSMANGAZI,exact,1.0
TR-ddb26fc640,BURSA,YENİŞEHİR,BURSA / YENİŞEHİR,BURSA|YENISEHIR,exact,1.0
TR-610eb36d3b,BURSA,YILDIRIM,BURSA / YILDIRIM,BURSA|YILDIRIM,exact,1.0
TR-1c907bd7fc,BURSA,İNEGÖL,BURSA / İNEGÖL,BURSA|INEGOL,exact,1.0
TR-2c5e3b6200,BURSA,İZNİK,BURSA / İZNİK,BURSA|IZNIK,exact,1.0
TR-d5194f1919,BİLECİK,BOZÜYÜK,BİLECİK / BOZÜYÜK,BILECIK|BOZUYUK,exact,1.0
TR-63f80548a7,BİLECİK,BİLECİK,BİLECİK / BİLECİK,BILECIK|BILECIK,exact,1.0
TR-56562be0e9,BİLECİK,GÖLPAZARI,BİLECİK / GÖLPAZARI,BILECIK|GOLPAZARI,exact,1.0
TR-9fd0b0ae36,BİLECİK,OSMANELİ,BİLECİK / OSMANELİ,BILECIK|OSMANELI,exact,1.0
TR-d668b2f9ac,BİLECİK,PAZARYERİ,BİLECİK / PAZARYERİ,BILECIK|PAZARYERI,exact,1.0
TR-285c784d0d,BİLECİK,SÖĞÜT,BİLECİK / SÖĞÜT,BILECIK|SOGUT,exact,1.0
TR-8fffa1ce68,BİLECİK,YENİPAZAR,BİLECİK / YENİPAZAR,BILECIK|YENIPAZAR,exact,1.0
TR-b44abef5fb,BİLECİK,İNHİSAR,BİLECİK / İNHİSAR,BILECIK|INHISAR,exact,1.0
TR-9395a3232d,BİNGÖL,ADAKLI,BİNGÖL / ADAKLI,BINGOL|ADAKLI,exact,1.0
TR-c6496a9a02,BİNGÖL,BİNGÖL,BİNGÖL / BİNGÖL,BINGOL|BINGOL,exact,1.0
TR-12c9916e24,BİNGÖL,GENÇ,BİNGÖL / GENÇ,BINGOL|GENC,exact,1.0
TR-22ed38bbe4,BİNGÖL,KARLIOVA,BİNGÖL / KARLIOVA,BINGOL|KARLIOVA,exact,1.0
TR-e6aedd715b,BİNGÖL,KİĞI,BİNGÖL / KİĞI,BINGOL|KIGI,exact,1.0
TR-15edbad92f,BİNGÖL,SOLHAN,BİNGÖL / SOLHAN,BINGOL|SOLHAN,exact,1.0
TR-3774f29896,BİNGÖL,YAYLADERE,BİNGÖL / YAYLADERE,BINGOL|YAYLADERE,exact,1.0
TR-cd0fa61c04,BİNGÖL,YEDİSU,BİNGÖL / YEDİSU,BINGOL|YEDISU,exact,1.0
TR-915e5ca20d,BİTLİS,ADİLCEVAZ,BİTLİS / ADİLCEVAZ,BITLIS|ADILCEVAZ,exact,1.0
TR-3c079d15ec,BİTLİS,AHLAT,BİTLİS / AHLAT,BITLIS|AHLAT,exact,1.0
TR-ea7f455365,BİTLİS,BİTLİS,BİTLİS / BİTLİS,BITLIS|BITLIS,exact,1.0
TR-0ac0c895ac,BİTLİS,GÜROYMAK,BİTLİS / GÜROYMAK,BITLIS|GUROYMAK,exact,1.0
TR-2046e2f60e,BİTLİS,HİZAN,BİTLİS / HİZAN,BITLIS|HIZAN,exact,1.0
TR-00aa22f562,BİTLİS,MUTKİ,BİTLİS / MUTKİ,BITLIS|MUTKI,exact,1.0
TR-15002e2337,BİTLİS,TATVAN,BİTLİS / TATVAN,BITLIS|TATVAN,exact,1.0
TR-25df38cf67,DENİZLİ,ACIPAYAM,DENİZLİ / ACIPAYAM,DENIZLI|ACIPAYAM,exact,1.0
TR-0219d49fcc,DENİZLİ,AKKÖY,DENİZLİ / AKKÖY,DENIZLI|AKKOY,exact,1.0
TR-da07303f04,DENİZLİ,BABADAĞ,DENİZLİ / BABADAĞ,DENIZLI|BABADAG,exact,1.0
TR-681f61fabf,DENİZLİ,BAKLAN,DENİZLİ / BAKLAN,DENIZLI|BAKLAN,exact,1.0
TR-e42b0de19a,DENİZLİ,BEKİLLİ,DENİZLİ / BEKİLLİ,DENIZLI|BEKILLI,exact,1.0
TR-82a68f3305,DENİZLİ,BEYAĞAÇ,DENİZLİ / BEYAĞAÇ,DENIZLI|BEYAGAC,exact,1.0
TR-27860155e9,DENİZLİ,BOZKURT,DENİZLİ / BOZKURT,DENIZLI|BOZKURT,exact,1.0
TR-0c57b6ee7a,DENİZLİ,BULDAN,DENİZLİ / BULDAN,DENIZLI|BULDAN,exact,1.0
TR-e0dc60033a,DENİZLİ,DENİZLİ,DENİZLİ / DENİZLİ,DENIZLI|DENIZLI,exact,1.0
TR-110c2886d1,DENİZLİ,GÜNEY,DENİZLİ / GÜNEY,DENIZLI|GUNEY,exact,1.0
TR-a7d8e9fd75,DENİZLİ,HONAZ,DENİZLİ / HONAZ,DENIZLI|HONAZ,exact,1.0
TR-1dd8ab19f1,DENİZLİ,KALE,DENİZLİ / KALE,DENIZLI|KALE,exact,1.0
TR-bf3de08f03,DENİZLİ,SARAYKÖY,DENİZLİ / SARAYKÖY,DENIZLI|SARAYKOY,exact,1.0
TR-56d311b974,DENİZLİ,SERİNHİSAR,DENİZLİ / SERİNHİSAR,DENIZLI|SERINHISAR,exact,1.0
TR-6ec07ef977,DENİZLİ,TAVAS,DENİZLİ / TAVAS,DENIZLI|TAVAS,exact,1.0
TR-908df637dc,DENİZLİ,ÇAL,DENİZLİ / ÇAL,DENIZLI|CAL,exact,1.0
TR-d3518c92cf,DENİZLİ,ÇAMELİ,DENİZLİ / ÇAMELİ,DENIZLI|CAMELI,exact,1.0
TR-6ef81881f5,DENİZLİ,ÇARDAK,DENİZLİ / ÇARDAK,DENIZLI|CARDAK,exact,1.0
TR-de93ee7bc4,DENİZLİ,ÇİVRİL,DENİZLİ / ÇİVRİL,DENIZLI|CIVRIL,exact,1.0
TR-8e33caf2ec,DÜZCE,AKÇAKOCA,DÜZCE / AKÇAKOCA,DUZCE|AKCAKOCA,exact,1.0
TR-9ccefcf532,DÜZCE,CUMAYERİ,DÜZCE / CUMAYERİ,DUZCE|CUMAYERI,exact,1.0
TR-80429a4d5d,DÜZCE,DÜZCE,DÜZCE / DÜZCE,DUZCE|DUZCE,exact,1.0
TR-268117df1e,DÜZCE,GÖLYAKA,DÜZCE / GÖLYAKA,DUZCE|GOLYAKA,exact,1.0
TR-8a02ad464e,DÜZCE,GÜMÜŞOVA,DÜZCE / GÜMÜŞOVA,DUZCE|GUMUSOVA,exact,1.0
TR-49d02d5cef,DÜZCE,KAYNAŞLI,DÜZCE / KAYNAŞLI,DUZCE|KAYNASLI,exact,1.0
TR-72e240ad4e,DÜZCE,YIĞILCA,DÜZCE / YIĞILCA,DUZCE|YIGILCA,exact,1.0
TR-529aba8bf7,DÜZCE,ÇİLİMLİ,DÜZCE / ÇİLİMLİ,DUZCE|CILIMLI,exact,1.0
TR-caded8142f,DİYARBAKIR,BAĞLAR,DİYARBAKIR / BAĞLAR,DIYARBAKIR|BAGLAR,exact,1.0
TR-896e04c44a,DİYARBAKIR,BİSMİL,DİYARBAKIR / BİSMİL,DIYARBAKIR|BISMIL,exact,1.0
TR-ae950fef4a,DİYARBAKIR,DİCLE,DİYARBAKIR / DİCLE,DIYARBAKIR|DICLE,exact,1.0
TR-77133d2816,DİYARBAKIR,ERGANİ,DİYARBAKIR / ERGANİ,DIYARBAKIR|ERGANI,exact,1.0
TR-48e6acbddf,DİYARBAKIR,EĞİL,DİYARBAKIR / EĞİL,DIYARBAKIR|EGIL,exact,1.0
TR-f0b52426c3,DİYARBAKIR,HANİ,DİYARBAKIR / HANİ,DIYARBAKIR|HANI,exact,1.0
TR-f205bc014d,DİYARBAKIR,HAZRO,DİYARBAKIR / HAZRO,DIYARBAKIR|HAZRO,exact,1.0
TR-f060bda084,DİYARBAKIR,KAYAPINAR,DİYARBAKIR / KAYAPINAR,DIYARBAKIR|KAYAPINAR,exact,1.0
TR-d372898250,DİYARBAKIR,KOCAKÖY,DİYARBAKIR / KOCAKÖY,DIYARBAKIR|KOCAKOY,exact,1.0
TR-e6ea47f71a,DİYARBAKIR,KULP,DİYARBAKIR / KULP,DIYARBAKIR|KULP,exact,1.0
TR-d601831a97,DİYARBAKIR,LİCE,DİYARBAKIR / LİCE,DIYARBAKIR|LICE,exact,1.0
TR-96abfee3b2,DİYARBAKIR,SUR,DİYARBAKIR / SUR,DIYARBAKIR|SUR,exact,1.0
TR-efe2229e99,DİYARBAKIR,SİLVAN,DİYARBAKIR / SİLVAN,DIYARBAKIR|SILVAN,exact,1.0
TR-f7971bdf6e,DİYARBAKIR,YENİŞEHİR,DİYARBAKIR / YENİŞEHİR,DIYARBAKIR|YENISEHIR,exact,1.0
TR-6bdbe6f75a,DİYARBAKIR,ÇERMİK,DİYARBAKIR / ÇERMİK,DIYARBAKIR|CERMIK,exact,1.0
TR-bacce89e62,DİYARBAKIR,ÇINAR,DİYARBAKIR / ÇINAR,DIYARBAKIR|CINAR,exact,1.0
TR-3f58d794ac,DİYARBAKIR,ÇÜNGÜŞ,DİYARBAKIR / ÇÜNGÜŞ,DIYARBAKIR|CUNGUS,exact,1.0
TR-0ce9a5e54b,EDİRNE,EDİRNE,EDİRNE / EDİRNE,EDIRNE|EDIRNE,exact,1.0
TR-61f3e12e02,EDİRNE,ENEZ,EDİRNE / ENEZ,EDIRNE|ENEZ,exact,1.0
TR-78eafc512a,EDİRNE,HAVSA,EDİRNE / HAVSA,EDIRNE|HAVSA,exact,1.0
TR-1a9cec3161,EDİRNE,KEŞAN,EDİRNE / KEŞAN,EDIRNE|KESAN,exact,1.0
TR-c454275634,EDİRNE,LALAPAŞA,EDİRNE / LALAPAŞA,EDIRNE|LALAPASA,exact,1.0
TR-eb184129c5,EDİRNE,MERİÇ,EDİRNE / MERİÇ,EDIRNE|MERIC,exact,1.0
TR-3f9516e97f,EDİRNE,SÜLOĞLU(SÜLEOĞLU),EDİRNE / SÜLOĞLU(SÜLEOĞLU),EDIRNE|SULOGLU(SULEOGLU),exact,1.0
TR-358ae93ebc,EDİRNE,UZUNKÖPRÜ,EDİRNE / UZUNKÖPRÜ,EDIRNE|UZUNKOPRU,exact,1.0
TR-bd47818690,EDİRNE,İPSALA,EDİRNE / İPSALA,EDIRNE|IPSALA,exact,1.0
TR-f38da8d579,ELAZIĞ,ALACAKAYA,ELAZIĞ / ALACAKAYA,ELAZIG|ALACAKAYA,exact,1.0
TR-3489c65bb5,ELAZIĞ,ARICAK,ELAZIĞ / ARICAK,ELAZIG|ARICAK,exact,1.0
TR-625465f466,ELAZIĞ,AĞIN,ELAZIĞ / AĞIN,ELAZIG|AGIN,exact,1.0
TR-7716d4bc4f,ELAZIĞ,BASKİL,ELAZIĞ / BASKİL,ELAZIG|BASKIL,exact,1.0
TR-4252858443,ELAZIĞ,ELAZIĞ,ELAZIĞ / ELAZIĞ,ELAZIG|ELAZIG,exact,1.0
TR-da91be5181,ELAZIĞ,KARAKOÇAN,ELAZIĞ / KARAKOÇAN,ELAZIG|KARAKOCAN,exact,1.0
TR-8d4ac5c703,ELAZIĞ,KEBAN,ELAZIĞ / KEBAN,ELAZIG|KEBAN,exact,1.0
TR-3224b8ddc3,ELAZIĞ,KOVANCILAR,ELAZIĞ / KOVANCILAR,ELAZIG|KOVANCILAR,exact,1.0
TR-83a3895164,ELAZIĞ,MADEN,ELAZIĞ / MADEN,ELAZIG|MADEN,exact,1.0
TR-db313f8c9d,ELAZIĞ,PALU,ELAZIĞ / PALU,ELAZIG|PALU,exact,1.0
TR-41f5e051e9,ELAZIĞ,SİVRİCE,ELAZIĞ / SİVRİCE,ELAZIG|SIVRICE,exact,1.0
TR-287bafe1ca,ERZURUM,AZİZİYE(ILICA),ERZURUM / AZİZİYE(ILICA),ERZURUM|AZIZIYE(ILICA),exact,1.0
TR-20610c0e3a,ERZURUM,AŞKALE,ERZURUM / AŞKALE,ERZURUM|ASKALE,exact,1.0
TR-5908f3143f,ERZURUM,HINIS,ERZURUM / HINIS,ERZURUM|HINIS,exact,1.0
TR-322cc94ef1,ERZURUM,HORASAN,ERZURUM / HORASAN,ERZURUM|HORASAN,exact,1.0
TR-83811c8279,ERZURUM,KARAYAZI,ERZURUM / KARAYAZI,ERZURUM|KARAYAZI,exact,1.0
TR-fae237ff7c,ERZURUM,KARAÇOBAN,ERZURUM / KARAÇOBAN,ERZURUM|KARACOBAN,exact,1.0
TR-cfeb06a8e6,ERZURUM,KÖPRÜKÖY,ERZURUM / KÖPRÜKÖY,ERZURUM|KOPRUKOY,exact,1.0
TR-8c454cd8cb,ERZURUM,NARMAN,ERZURUM / NARMAN,ERZURUM|NARMAN,exact,1.0
TR-a8ecabe671,ERZURUM,OLTU,ERZURUM / OLTU,ERZURUM|OLTU,exact,1.0
TR-fc488ddaab,ERZURUM,OLUR,ERZURUM / OLUR,ERZURUM|OLUR,exact,1.0
TR-d501e81358,ERZURUM,PALANDÖKEN,ERZURUM / PALANDÖKEN,ERZURUM|PALANDOKEN,exact,1.0
TR-0e6cfaddc2,ERZURUM,PASİNLER,ERZURUM / PASİNLER,ERZURUM|PASINLER,exact,1.0
TR-27d23bf9df,ERZURUM,PAZARYOLU,ERZURUM / PAZARYOLU,ERZURUM|PAZARYOLU,exact,1.0
TR-3054383835,ERZURUM,TEKMAN,ERZURUM / TEKMAN,ERZURUM|TEKMAN,exact,1.0
TR-14e5a878df,ERZURUM,TORTUM,ERZURUM / TORTUM,ERZURUM|TORTUM,exact,1.0
TR-3d9ba1adba,ERZURUM,UZUNDERE,ERZURUM / UZUNDERE,ERZURUM|UZUNDERE,exact,1.0
TR-c89cc69d33,ERZURUM,YAKUTİYE,ERZURUM / YAKUTİYE,ERZURUM|YAKUTIYE,exact,1.0
TR-fe4520de46,ERZURUM,ÇAT,ERZURUM / ÇAT,ERZURUM|CAT,exact,1.0
TR-348b09edc8,ERZURUM,İSPİR,ERZURUM / İSPİR,ERZURUM|ISPIR,exact,1.0
TR-7ad696cb99,ERZURUM,ŞENKAYA,ERZURUM / ŞENKAYA,ERZURUM|SENKAYA,exact,1.0
TR-4a51e92d2d,ERZİNCAN,ERZİNCAN,ERZİNCAN / ERZİNCAN,ERZINCAN|ERZINCAN,exact,1.0
TR-f7c53186ed,ERZİNCAN,ILIÇ(İLİÇ),ERZİNCAN / ILIÇ(İLİÇ),ERZINCAN|ILIC(ILIC),exact,1.0
TR-575586c6a9,ERZİNCAN,KEMAH,ERZİNCAN / KEMAH,ERZINCAN|KEMAH,exact,1.0
TR-4b01a097ea,ERZİNCAN,KEMALİYE,ERZİNCAN / KEMALİYE,ERZINCAN|KEMALIYE,exact,1.0
TR-00ed1a524d,ERZİNCAN,OTLUKBELİ,ERZİNCAN / OTLUKBELİ,ERZINCAN|OTLUKBELI,exact,1.0
TR-cef886c37a,ERZİNCAN,REFAHİYE,ERZİNCAN / REFAHİYE,ERZINCAN|REFAHIYE,exact,1.0
TR-1dfb0e2c39,ERZİNCAN,TERCAN,ERZİNCAN / TERCAN,ERZINCAN|TERCAN,exact,1.0
TR-87d86c28e5,ERZİNCAN,ÇAYIRLI,ERZİNCAN / ÇAYIRLI,ERZINCAN|CAYIRLI,exact,1.0
TR-c0fd99066b,ERZİNCAN,ÜZÜMLÜ,ERZİNCAN / ÜZÜMLÜ,ERZINCAN|UZUMLU,exact,1.0
TR-542f455af2,ESKİŞEHİR,ALPU,ESKİŞEHİR / ALPU,ESKISEHIR|ALPU,exact,1.0
TR-90b0abd386,ESKİŞEHİR,BEYLİKOVA,ESKİŞEHİR / BEYLİKOVA,ESKISEHIR|BEYLIKOVA,exact,1.0
TR-5c0ebd6a42,ESKİŞEHİR,GÜNYÜZÜ,ESKİŞEHİR / GÜNYÜZÜ,ESKISEHIR|GUNYUZU,exact,1.0
TR-1bb18ad4e2,ESKİŞEHİR,HAN,ESKİŞEHİR / HAN,ESKISEHIR|HAN,exact,1.0
TR-8da91c6e7e,ESKİŞEHİR,MAHMUDİYE,ESKİŞEHİR / MAHMUDİYE,ESKISEHIR|MAHMUDIYE,exact,1.0
TR-05c52ba081,ESKİŞEHİR,MİHALGAZİ,ESKİŞEHİR / MİHALGAZİ,ESKISEHIR|MIHALGAZI,exact,1.0
TR-7bc1fdec0d,ESKİŞEHİR,MİHALIÇÇIK,ESKİŞEHİR / MİHALIÇÇIK,ESKISEHIR|MIHALICCIK,exact,1.0
TR-8299560daa,ESKİŞEHİR,ODUNPAZARI,ESKİŞEHİR / ODUNPAZARI,ESKISEHIR|ODUNPAZARI,exact,1.0
TR-08e1fc1655,ESKİŞEHİR,SARICAKAYA,ESKİŞEHİR / SARICAKAYA,ESKISEHIR|SARICAKAYA,exact,1.0
TR-76d269e4cc,ESKİŞEHİR,SEYİTGAZİ,ESKİŞEHİR / SEYİTGAZİ,ESKISEHIR|SEYITGAZI,exact,1.0
TR-3c148619d5,ESKİŞEHİR,SİVRİHİSAR,ESKİŞEHİR / SİVRİHİSAR,ESKISEHIR|SIVRIHISAR,exact,1.0
TR-657ae6a220,ESKİŞEHİR,TEPEBAŞI,ESKİŞEHİR / TEPEBAŞI,ESKISEHIR|TEPEBASI,exact,1.0
TR-1c8e38ee82,ESKİŞEHİR,ÇİFTELER,ESKİŞEHİR / ÇİFTELER,ESKISEHIR|CIFTELER,exact,1.0
TR-2bdadccaab,ESKİŞEHİR,İNÖNÜ,ESKİŞEHİR / İNÖNÜ,ESKISEHIR|INONU,exact,1.0
TR-8273cfb383,GAZİANTEP,ARABAN,GAZİANTEP / ARABAN,GAZIANTEP|ARABAN,exact,1.0
TR-0257d507d5,GAZİANTEP,KARKAMIŞ,GAZİANTEP / KARKAMIŞ,GAZIANTEP|KARKAMIS,exact,1.0
TR-a9e3567a2b,GAZİANTEP,NURDAĞI,GAZİANTEP / NURDAĞI,GAZIANTEP|NURDAGI,exact,1.0
TR-0abc3cedc9,GAZİANTEP,NİZİP,GAZİANTEP / NİZİP,GAZIANTEP|NIZIP,exact,1.0
TR-6c3f755ce2,GAZİANTEP,OĞUZELİ,GAZİANTEP / OĞUZELİ,GAZIANTEP|OGUZELI,exact,1.0
TR-5afecd9d07,GAZİANTEP,YAVUZELİ,GAZİANTEP / YAVUZELİ,GAZIANTEP|YAVUZELI,exact,1.0
TR-b4ce7e9736,GAZİANTEP,İSLAHİYE,GAZİANTEP / İSLAHİYE,GAZIANTEP|ISLAHIYE,exact,1.0
TR-cee84e0ebf,GAZİANTEP,ŞAHİNBEY,GAZİANTEP / ŞAHİNBEY,GAZIANTEP|SAHINBEY,exact,1.0
TR-ed1cdd7128,GAZİANTEP,ŞEHİTKAMİL,GAZİANTEP / ŞEHİTKAMİL,GAZIANTEP|SEHITKAMIL,exact,1.0
TR-6c1f87d240,GÜMÜŞHANE,GÜMÜŞHANE,GÜMÜŞHANE / GÜMÜŞHANE,GUMUSHANE|GUMUSHANE,exact,1.0
TR-9b4ccfb744,GÜMÜŞHANE,KELKİT,GÜMÜŞHANE / KELKİT,GUMUSHANE|KELKIT,exact,1.0
TR-40e95a47e3,GÜMÜŞHANE,KÖSE,GÜMÜŞHANE / KÖSE,GUMUSHANE|KOSE,exact,1.0
TR-76ee26a566,GÜMÜŞHANE,KÜRTÜN,GÜMÜŞHANE / KÜRTÜN,GUMUSHANE|KURTUN,exact,1.0
TR-5e600a2524,GÜMÜŞHANE,TORUL,GÜMÜŞHANE / TORUL,GUMUSHANE|TORUL,exact,1.0
TR-5571da1c6d,GÜMÜŞHANE,ŞİRAN,GÜMÜŞHANE / ŞİRAN,GUMUSHANE|SIRAN,exact,1.0
TR-5aebe70bb0,GİRESUN,ALUCRA,GİRESUN / ALUCRA,GIRESUN|ALUCRA,exact,1.0
TR-319f868bc3,GİRESUN,BULANCAK,GİRESUN / BULANCAK,GIRESUN|BULANCAK,exact,1.0
TR-77c87a8cc5,GİRESUN,DERELİ,GİRESUN / DERELİ,GIRESUN|DERELI,exact,1.0
TR-6224631142,GİRESUN,DOĞANKENT,GİRESUN / DOĞANKENT,GIRESUN|DOGANKENT,exact,1.0
TR-9a4236a367,GİRESUN,ESPİYE,GİRESUN / ESPİYE,GIRESUN|ESPIYE,exact,1.0
TR-6cf532233e,GİRESUN,EYNESİL,GİRESUN / EYNESİL,GIRESUN|EYNESIL,exact,1.0
TR-4753f39afb,GİRESUN,GÖRELE,GİRESUN / GÖRELE,GIRESUN|GORELE,exact,1.0
TR-5163a5d4a6,GİRESUN,GÜCE,GİRESUN / GÜCE,GIRESUN|GUCE,exact,1.0
TR-6d6eec7aeb,GİRESUN,GİRESUN,GİRESUN / GİRESUN,GIRESUN|GIRESUN,exact,1.0
TR-b7614f4c5b,GİRESUN,KEŞAP,GİRESUN / KEŞAP,GIRESUN|KESAP,exact,1.0
TR-0d2af3b14a,GİRESUN,PİRAZİZ,GİRESUN / PİRAZİZ,GIRESUN|PIRAZIZ,exact,1.0
TR-055c0de75f,GİRESUN,TİREBOLU,GİRESUN / TİREBOLU,GIRESUN|TIREBOLU,exact,1.0
TR-94a943807f,GİRESUN,YAĞLIDERE,GİRESUN / YAĞLIDERE,GIRESUN|YAGLIDERE,exact,1.0
TR-348bf62d6b,GİRESUN,ÇAMOLUK,GİRESUN / ÇAMOLUK,GIRESUN|CAMOLUK,exact,1.0
TR-dec4608cd9,GİRESUN,ÇANAKÇI,GİRESUN / ÇANAKÇI,GIRESUN|CANAKCI,exact,1.0
TR-59d17e4c81,GİRESUN,ŞEBİNKARAHİSAR,GİRESUN / ŞEBİNKARAHİSAR,GIRESUN|SEBINKARAHISAR,exact,1.0
TR-cee5e5c2a0,HAKKARİ,HAKKARİ,HAKKARİ / HAKKARİ,HAKKARI|HAKKARI,exact,1.0
TR-11bb92ea92,HAKKARİ,YÜKSEKOVA,HAKKARİ / YÜKSEKOVA,HAKKARI|YUKSEKOVA,exact,1.0
TR-1144f4931c,HAKKARİ,ÇUKURCA,HAKKARİ / ÇUKURCA,HAKKARI|CUKURCA,exact,1.0
TR-df71a3b0f5,HAKKARİ,ŞEMDİNLİ,HAKKARİ / ŞEMDİNLİ,HAKKARI|SEMDINLI,exact,1.0
TR-aba26f2627,HATAY,ALTINÖZÜ,HATAY / ALTINÖZÜ,HATAY|ALTINOZU,exact,1.0
TR-d102621bbd,HATAY,ANTAKYA,HATAY / ANTAKYA,HATAY|ANTAKYA,exact,1.0
TR-b628c2c4a0,HATAY,BELEN,HATAY / BELEN,HATAY|BELEN,exact,1.0
TR-c27e5ce9fb,HATAY,DÖRTYOL,HATAY / DÖRTYOL,HATAY|DORTYOL,exact,1.0
TR-6da13e5410,HATAY,ERZİN,HATAY / ERZİN,HATAY|ERZIN,exact,1.0
TR-bcdbbed4f5,HATAY,HASSA,HATAY / HASSA,HATAY|HASSA,exact,1.0
TR-24b7c65e51,HATAY,KIRIKHAN,HATAY / KIRIKHAN,HATAY|KIRIKHAN,exact,1.0
TR-5c6726e774,HATAY,KUMLU,HATAY / KUMLU,HATAY|KUMLU,exact,1.0
TR-b3db733624,HATAY,REYHANLI,HATAY / REYHANLI,HATAY|REYHANLI,exact,1.0
TR-e396f8accb,HATAY,SAMANDAĞ,HATAY / SAMANDAĞ,HATAY|SAMANDAG,exact,1.0
TR-3eb15c39d3,HATAY,YAYLADAĞI,HATAY / YAYLADAĞI,HATAY|YAYLADAGI,exact,1.0
TR-7124a4b700,HATAY,İSKENDERUN,HATAY / İSKENDERUN,HATAY|ISKENDERUN,exact,1.0
TR-ec52c31381,ISPARTA,AKSU,ISPARTA / AKSU,ISPARTA|AKSU,exact,1.0
TR-42010a34b9,ISPARTA,ATABEY,ISPARTA / ATABEY,ISPARTA|ATABEY,exact,1.0
TR-253f73c97d,ISPARTA,EĞİRDİR(EĞRİDİR),ISPARTA / EĞİRDİR(EĞRİDİR),ISPARTA|EGIRDIR(EGRIDIR),exact,1.0
TR-423a51fb80,ISPARTA,GELENDOST,ISPARTA / GELENDOST,ISPARTA|GELENDOST,exact,1.0
TR-af0df99282,ISPARTA,GÖNEN,ISPARTA / GÖNEN,ISPARTA|GONEN,exact,1.0
TR-7a65203fa1,ISPARTA,ISPARTA,ISPARTA / ISPARTA,ISPARTA|ISPARTA,exact,1.0
TR-ac16534994,ISPARTA,KEÇİBORLU,ISPARTA / KEÇİBORLU,ISPARTA|KECIBORLU,exact,1.0
TR-0b1a45b94a,ISPARTA,SENİRKENT,ISPARTA / SENİRKENT,ISPARTA|SENIRKENT,exact,1.0
TR-4e30782eae,ISPARTA,SÜTÇÜLER,ISPARTA / SÜTÇÜLER,ISPARTA|SUTCULER,exact,1.0
TR-f7cb2f2f08,ISPARTA,ULUBORLU,ISPARTA / ULUBORLU,ISPARTA|ULUBORLU,exact,1.0
TR-e48e84ba1b,ISPARTA,YALVAÇ,ISPARTA / YALVAÇ,ISPARTA|YALVAC,exact,1.0
TR-347feb61db,ISPARTA,YENİŞARBADEMLİ,ISPARTA / YENİŞARBADEMLİ,ISPARTA|YENISARBADEMLI,exact,1.0
TR-0f2acc036e,ISPARTA,ŞARKİKARAAĞAÇ,ISPARTA / ŞARKİKARAAĞAÇ,ISPARTA|SARKIKARAAGAC,exact,1.0
TR-3b7dd926cc,IĞDIR,ARALIK,IĞDIR / ARALIK,IGDIR|ARALIK,exact,1.0
TR-4f78ac5a7d,IĞDIR,IĞDIR,IĞDIR / IĞDIR,IGDIR|IGDIR,exact,1.0
TR-2571499491,IĞDIR,KARAKOYUNLU,IĞDIR / KARAKOYUNLU,IGDIR|KARAKOYUNLU,exact,1.0
TR-b88a265d2b,IĞDIR,TUZLUCA,IĞDIR / TUZLUCA,IGDIR|TUZLUCA,exact,1.0
TR-212ab222b4,KAHRAMANMARAŞ,AFŞİN,KAHRAMANMARAŞ / AFŞİN,KAHRAMANMARAS|AFSIN,exact,1.0
TR-993c43bb3e,KAHRAMANMARAŞ,ANDIRIN,KAHRAMANMARAŞ / ANDIRIN,KAHRAMANMARAS|ANDIRIN,exact,1.0
TR-99f0e58b63,KAHRAMANMARAŞ,EKİNÖZÜ,KAHRAMANMARAŞ / EKİNÖZÜ,KAHRAMANMARAS|EKINOZU,exact,1.0
TR-d8033bd2da,KAHRAMANMARAŞ,ELBİSTAN,KAHRAMANMARAŞ / ELBİSTAN,KAHRAMANMARAS|ELBISTAN,exact,1.0
TR-5b39ad51c4,KAHRAMANMARAŞ,GÖKSUN,KAHRAMANMARAŞ / GÖKSUN,KAHRAMANMARAS|GOKSUN,exact,1.0
TR-6c6065dc51,KAHRAMANMARAŞ,KAHRAMANMARAŞ,KAHRAMANMARAŞ / KAHRAMANMARAŞ,KAHRAMANMARAS|KAHRAMANMARAS,exact,1.0
TR-29f1f719a9,KAHRAMANMARAŞ,NURHAK,KAHRAMANMARAŞ / NURHAK,KAHRAMANMARAS|NURHAK,exact,1.0
TR-6ac3e9e827,KAHRAMANMARAŞ,PAZARCIK,KAHRAMANMARAŞ / PAZARCIK,KAHRAMANMARAS|PAZARCIK,exact,1.0
TR-b27caaf22f,KAHRAMANMARAŞ,TÜRKOĞLU,KAHRAMANMARAŞ / TÜRKOĞLU,KAHRAMANMARAS|TURKOGLU,exact,1.0
TR-5bcbf3d882,KAHRAMANMARAŞ,ÇAĞLIYANCERİT,KAHRAMANMARAŞ / ÇAĞLIYANCERİT,KAHRAMANMARAS|CAGLIYANCERIT,exact,1.0
TR-01dd4e4074,KARABÜK,EFLANİ,KARABÜK / EFLANİ,KARABUK|EFLANI,exact,1.0
TR-2d16be145d,KARABÜK,ESKİPAZAR,KARABÜK / ESKİPAZAR,KARABUK|ESKIPAZAR,exact,1.0
TR-f73c6979a4,KARABÜK,KARABÜK,KARABÜK / KARABÜK,KARABUK|KARABUK,exact,1.0
TR-8246cc4fd7,KARABÜK,OVACIK,KARABÜK / OVACIK,KARABUK|OVACIK,exact,1.0
TR-8cb2c77b75,KARABÜK,SAFRANBOLU,KARABÜK / SAFRANBOLU,KARABUK|SAFRANBOLU,exact,1.0
TR-18f44b5c43,KARABÜK,YENİCE,KARABÜK / YENİCE,KARABUK|YENICE,exact,1.0
TR-30968483a0,KARAMAN,AYRANCI,KARAMAN / AYRANCI,KARAMAN|AYRANCI,exact,1.0
TR-d301cd1953,KARAMAN,BAŞYAYLA,KARAMAN / BAŞYAYLA,KARAMAN|BASYAYLA,exact,1.0
TR-6338774885,KARAMAN,ERMENEK,KARAMAN / ERMENEK,KARAMAN|ERMENEK,exact,1.0
TR-e8504bd2c3,KARAMAN,KARAMAN,KARAMAN / KARAMAN,KARAMAN|KARAMAN,exact,1.0
TR-8ab5addeb0,KARAMAN,KAZIMKARABEKİR,KARAMAN / KAZIMKARABEKİR,KARAMAN|KAZIMKARABEKIR,exact,1.0
TR-47989c3a99,KARAMAN,SARIVELİLER,KARAMAN / SARIVELİLER,KARAMAN|SARIVELILER,exact,1.0
TR-648516c1e8,KARS,AKYAKA,KARS / AKYAKA,KARS|AKYAKA,exact,1.0
TR-feab3d4625,KARS,ARPAÇAY,KARS / ARPAÇAY,KARS|ARPACAY,exact,1.0
TR-d30f111ea3,KARS,DİGOR,KARS / DİGOR,KARS|DIGOR,exact,1.0
TR-8748f6e493,KARS,KARS,KARS / KARS,KARS|KARS,exact,1.0
TR-d2f76f1949,KARS,KAĞIZMAN,KARS / KAĞIZMAN,KARS|KAGIZMAN,exact,1.0
TR-c9aae557cd,KARS,SARIKAMIŞ,KARS / SARIKAMIŞ,KARS|SARIKAMIS,exact,1.0
TR-264bf4dbf7,KARS,SELİM,KARS / SELİM,KARS|SELIM,exact,1.0
TR-5010f28cfa,KARS,SUSUZ,KARS / SUSUZ,KARS|SUSUZ,exact,1.0
TR-a6caa60f8c,KASTAMONU,ABANA,KASTAMONU / ABANA,KASTAMONU|ABANA,exact,1.0
TR-4d69c43ef1,KASTAMONU,ARAÇ,KASTAMONU / ARAÇ,KASTAMONU|ARAC,exact,1.0
TR-23ffc01fc7,KASTAMONU,AZDAVAY,KASTAMONU / AZDAVAY,KASTAMONU|AZDAVAY,exact,1.0
TR-3162663cee,KASTAMONU,AĞLI,KASTAMONU / AĞLI,KASTAMONU|AGLI,exact,1.0
TR-26cca610f8,KASTAMONU,BOZKURT,KASTAMONU / BOZKURT,KASTAMONU|BOZKURT,exact,1.0
TR-bf3d453e10,KASTAMONU,CİDE,KASTAMONU / CİDE,KASTAMONU|CIDE,exact,1.0
TR-af30454a96,KASTAMONU,DADAY,KASTAMONU / DADAY,KASTAMONU|DADAY,exact,1.0
TR-02108b59c0,KASTAMONU,DEVREKANİ,KASTAMONU / DEVREKANİ,KASTAMONU|DEVREKANI,exact,1.0
TR-9a6d692b63,KASTAMONU,DOĞANYURT,KASTAMONU / DOĞANYURT,KASTAMONU|DOGANYURT,exact,1.0
TR-d81b1cd047,KASTAMONU,HANÖNÜ(GÖKÇEAĞAÇ),KASTAMONU / HANÖNÜ(GÖKÇEAĞAÇ),KASTAMONU|HANONU(GOKCEAGAC),exact,1.0
TR-c337c6ba4c,KASTAMONU,KASTAMONU,KASTAMONU / KASTAMONU,KASTAMONU|KASTAMONU,exact,1.0
TR-dd2d1c49ae,KASTAMONU,KÜRE,KASTAMONU / KÜRE,KASTAMONU|KURE,exact,1.0
TR-0d3fca166f,KASTAMONU,PINARBAŞI,KASTAMONU / PINARBAŞI,KASTAMONU|PINARBASI,exact,1.0
TR-097221b3ce,KASTAMONU,SEYDİLER,KASTAMONU / SEYDİLER,KASTAMONU|SEYDILER,exact,1.0
TR-0f4a048253,KASTAMONU,TAŞKÖPRÜ,KASTAMONU / TAŞKÖPRÜ,KASTAMONU|TASKOPRU,exact,1.0
TR-b27b09221a,KASTAMONU,TOSYA,KASTAMONU / TOSYA,KASTAMONU|TOSYA,exact,1.0
TR-4ef2d64c94,KASTAMONU,ÇATALZEYTİN,KASTAMONU / ÇATALZEYTİN,KASTAMONU|CATALZEYTIN,exact,1.0
TR-e11d8282bc,KASTAMONU,İHSANGAZİ,KASTAMONU / İHSANGAZİ,KASTAMONU|IHSANGAZI,exact,1.0
TR-b6c46b385b,KASTAMONU,İNEBOLU,KASTAMONU / İNEBOLU,KASTAMONU|INEBOLU,exact,1.0
TR-8972ec9f1c,KASTAMONU,ŞENPAZAR,KASTAMONU / ŞENPAZAR,KASTAMONU|SENPAZAR,exact,1.0
TR-aa05ecd0e0,KAYSERİ,AKKIŞLA,KAYSERİ / AKKIŞLA,KAYSERI|AKKISLA,exact,1.0
TR-2481345cd5,KAYSERİ,BÜNYAN,KAYSERİ / BÜNYAN,KAYSERI|BUNYAN,exact,1.0
TR-6cafea5b64,KAYSERİ,DEVELİ,KAYSERİ / DEVELİ,KAYSERI|DEVELI,exact,1.0
TR-1ef6fd27e5,KAYSERİ,FELAHİYE,KAYSERİ / FELAHİYE,KAYSERI|FELAHIYE,exact,1.0
TR-f92aae1020,KAYSERİ,HACILAR,KAYSERİ / HACILAR,KAYSERI|HACILAR,exact,1.0
TR-d191d000f4,KAYSERİ,KOCASİNAN,KAYSERİ / KOCASİNAN,KAYSERI|KOCASINAN,exact,1.0
TR-b968c282d8,KAYSERİ,MELİKGAZİ,KAYSERİ / MELİKGAZİ,KAYSERI|MELIKGAZI,exact,1.0
TR-0f0a2e4e63,KAYSERİ,PINARBAŞI,KAYSERİ / PINARBAŞI,KAYSERI|PINARBASI,exact,1.0
TR-bb727fc1f1,KAYSERİ,SARIOĞLAN,KAYSERİ / SARIOĞLAN,KAYSERI|SARIOGLAN,exact,1.0
TR-b17f961f62,KAYSERİ,SARIZ,KAYSERİ / SARIZ,KAYSERI|SARIZ,exact,1.0
TR-6d1d7121a0,KAYSERİ,TALAS,KAYSERİ / TALAS,KAYSERI|TALAS,exact,1.0
TR-bb66cbac86,KAYSERİ,TOMARZA,KAYSERİ / TOMARZA,KAYSERI|TOMARZA,exact,1.0
TR-b259be51b5,KAYSERİ,YAHYALI,KAYSERİ / YAHYALI,KAYSERI|YAHYALI,exact,1.0
TR-d69eb2a3b2,KAYSERİ,YEŞİLHİSAR,KAYSERİ / YEŞİLHİSAR,KAYSERI|YESILHISAR,exact,1.0
TR-3a03b896b4,KAYSERİ,ÖZVATAN(ÇUKUR),KAYSERİ / ÖZVATAN(ÇUKUR),KAYSERI|OZVATAN(CUKUR),exact,1.0
TR-94f9c71e8b,KAYSERİ,İNCESU,KAYSERİ / İNCESU,KAYSERI|INCESU,exact,1.0
TR-7fdea2fd65,KIRIKKALE,BAHŞİLİ,KIRIKKALE / BAHŞİLİ,KIRIKKALE|BAHSILI,exact,1.0
TR-210202798e,KIRIKKALE,BALIŞEYH,KIRIKKALE / BALIŞEYH,KIRIKKALE|BALISEYH,exact,1.0
TR-8931cc3cc0,KIRIKKALE,DELİCE,KIRIKKALE / DELİCE,KIRIKKALE|DELICE,exact,1.0
TR-496605ce57,KIRIKKALE,KARAKEÇİLİ,KIRIKKALE / KARAKEÇİLİ,KIRIKKALE|KARAKECILI,exact,1.0
TR-f99b499600,KIRIKKALE,KESKİN,KIRIKKALE / KESKİN,KIRIKKALE|KESKIN,exact,1.0
TR-4e643cfa33,KIRIKKALE,KIRIKKALE,KIRIKKALE / KIRIKKALE,KIRIKKALE|KIRIKKALE,exact,1.0
TR-a50d3d77c4,KIRIKKALE,SULAKYURT,KIRIKKALE / SULAKYURT,KIRIKKALE|SULAKYURT,exact,1.0
TR-f6a976aca2,KIRIKKALE,YAHŞİHAN,KIRIKKALE / YAHŞİHAN,KIRIKKALE|YAHSIHAN,exact,1.0
TR-22d238bb57,KIRIKKALE,ÇELEBİ,KIRIKKALE / ÇELEBİ,KIRIKKALE|CELEBI,exact,1.0
TR-5bd9d9b899,KIRKLARELİ,BABAESKİ,KIRKLARELİ / BABAESKİ,KIRKLARELI|BABAESKI,exact,1.0
TR-11e4517c3f,KIRKLARELİ,DEMİRKÖY,KIRKLARELİ / DEMİRKÖY,KIRKLARELI|DEMIRKOY,exact,1.0
TR-7cf34f014c,KIRKLARELİ,KIRKLARELİ,KIRKLARELİ / KIRKLARELİ,KIRKLARELI|KIRKLARELI,exact,1.0
TR-f0bc63fc86,KIRKLARELİ,KOFÇAZ,KIRKLARELİ / KOFÇAZ,KIRKLARELI|KOFCAZ,exact,1.0
TR-b2bf8b2962,KIRKLARELİ,LÜLEBURGAZ,KIRKLARELİ / LÜLEBURGAZ,KIRKLARELI|LULEBURGAZ,exact,1.0
TR-027ad7a8a8,KIRKLARELİ,PEHLİVANKÖY,KIRKLARELİ / PEHLİVANKÖY,KIRKLARELI|PEHLIVANKOY,exact,1.0
TR-229245abbf,KIRKLARELİ,PINARHİSAR,KIRKLARELİ / PINARHİSAR,KIRKLARELI|PINARHISAR,exact,1.0
TR-69295f1f94,KIRKLARELİ,VİZE,KIRKLARELİ / VİZE,KIRKLARELI|VIZE,exact,1.0
TR-86e0390020,KIRŞEHİR,AKPINAR,KIRŞEHİR / AKPINAR,KIRSEHIR|AKPINAR,exact,1.0
TR-9ace4c8775,KIRŞEHİR,AKÇAKENT,KIRŞEHİR / AKÇAKENT,KIRSEHIR|AKCAKENT,exact,1.0
TR-3f25fe77d9,KIRŞEHİR,BOZTEPE,KIRŞEHİR / BOZTEPE,KIRSEHIR|BOZTEPE,exact,1.0
TR-1bc3e53eac,KIRŞEHİR,KAMAN,KIRŞEHİR / KAMAN,KIRSEHIR|KAMAN,exact,1.0
TR-4ced676c07,KIRŞEHİR,KIRŞEHİR,KIRŞEHİR / KIRŞEHİR,KIRSEHIR|KIRSEHIR,exact,1.0
TR-d76a8de994,KIRŞEHİR,MUCUR,KIRŞEHİR / MUCUR,KIRSEHIR|MUCUR,exact,1.0
TR-28742aa732,KIRŞEHİR,ÇİÇEKDAĞI,KIRŞEHİR / ÇİÇEKDAĞI,KIRSEHIR|CICEKDAGI,exact,1.0
TR-a25436b53f,KOCAELİ,BAŞİSKELE,KOCAELİ / BAŞİSKELE,KOCAELI|BASISKELE,exact,1.0
TR-e0926a3962,KOCAELİ,DARICA,KOCAELİ / DARICA,KOCAELI|DARICA,exact,1.0
TR-16992674d6,KOCAELİ,DERİNCE,KOCAELİ / DERİNCE,KOCAELI|DERINCE,exact,1.0
TR-0a99ff4798,KOCAELİ,DİLOVASI,KOCAELİ / DİLOVASI,KOCAELI|DILOVASI,exact,1.0
TR-de69454a64,KOCAELİ,GEBZE,KOCAELİ / GEBZE,KOCAELI|GEBZE,exact,1.0
TR-7f98c9de0f,KOCAELİ,GÖLCÜK,KOCAELİ / GÖLCÜK,KOCAELI|GOLCUK,exact,1.0
TR-5f838d038e,KOCAELİ,KANDIRA,KOCAELİ / KANDIRA,KOCAELI|KANDIRA,exact,1.0
TR-7ab4126e04,KOCAELİ,KARAMÜRSEL,KOCAELİ / KARAMÜRSEL,KOCAELI|KARAMURSEL,exact,1.0
TR-d7e9726e62,KOCAELİ,KARTEPE,KOCAELİ / KARTEPE,KOCAELI|KARTEPE,exact,1.0
TR-1485416c8d,KOCAELİ,KÖRFEZ(TÜTÜNÇİFTLİK),KOCAELİ / KÖRFEZ(TÜTÜNÇİFTLİK),KOCAELI|KORFEZ(TUTUNCIFTLIK),exact,1.0
TR-91507d1404,KOCAELİ,ÇAYIROVA,KOCAELİ / ÇAYIROVA,KOCAELI|CAYIROVA,exact,1.0
TR-114fa678d7,KOCAELİ,İZMİT,KOCAELİ / İZMİT,KOCAELI|IZMIT,exact,1.0
TR-988631d9da,KONYA,AHIRLI,KONYA / AHIRLI,KONYA|AHIRLI,exact,1.0
TR-1536d7cc89,KONYA,AKÖREN,KONYA / AKÖREN,KONYA|AKOREN,exact,1.0
TR-4f71b26d5e,KONYA,AKŞEHİR,KONYA / AKŞEHİR,KONYA|AKSEHIR,exact,1.0
TR-f66eb917e7,KONYA,ALTINEKİN,KONYA / ALTINEKİN,KONYA|ALTINEKIN,exact,1.0
TR-2a96f5ef59,KONYA,BEYŞEHİR,KONYA / BEYŞEHİR,KONYA|BEYSEHIR,exact,1.0
TR-a67d1d4082,KONYA,BOZKIR,KONYA / BOZKIR,KONYA|BOZKIR,exact,1.0
TR-d5982b5f39,KONYA,CİHANBEYLİ,KONYA / CİHANBEYLİ,KONYA|CIHANBEYLI,exact,1.0
TR-d99d8d7f93,KONYA,DERBENT,KONYA / DERBENT,KONYA|DERBENT,exact,1.0
TR-c74378dc6c,KONYA,DEREBUCAK,KONYA / DEREBUCAK,KONYA|DEREBUCAK,exact,1.0
TR-af7cc70bd2,KONYA,DOĞANHİSAR,KONYA / DOĞANHİSAR,KONYA|DOGANHISAR,exact,1.0
TR-04e565eb1e,KONYA,EMİRGAZİ,KONYA / EMİRGAZİ,KONYA|EMIRGAZI,exact,1.0
TR-a00421d6bc,KONYA,EREĞLİ,KONYA / EREĞLİ,KONYA|EREGLI,exact,1.0
TR-d9a5c6f66e,KONYA,GÜNEYSINIR,KONYA / GÜNEYSINIR,KONYA|GUNEYSINIR,exact,1.0
TR-c484a0abb7,KONYA,HADİM,KONYA / HADİM,KONYA|HADIM,exact,1.0
TR-9fa43010ae,KONYA,HALKAPINAR,KONYA / HALKAPINAR,KONYA|HALKAPINAR,exact,1.0
TR-9e1fe45114,KONYA,HÜYÜK,KONYA / HÜYÜK,KONYA|HUYUK,exact,1.0
TR-ea48bbb5d9,KONYA,ILGIN,KONYA / ILGIN,KONYA|ILGIN,exact,1.0
TR-4c4406ba80,KONYA,KADINHANI,KONYA / KADINHANI,KONYA|KADINHANI,exact,1.0
TR-b4d5c51541,KONYA,KARAPINAR,KONYA / KARAPINAR,KONYA|KARAPINAR,exact,1.0
TR-9a4839bf54,KONYA,KARATAY,KONYA / KARATAY,KONYA|KARATAY,exact,1.0
TR-53d80c19e0,KONYA,KULU,KONYA / KULU,KONYA|KULU,exact,1.0
TR-30849b1c8d,KONYA,MERAM,KONYA / MERAM,KONYA|MERAM,exact,1.0
TR-6edd5020c4,KONYA,SARAYÖNÜ,KONYA / SARAYÖNÜ,KONYA|SARAYONU,exact,1.0
TR-e7b55f7bf7,KONYA,SELÇUKLU,KONYA / SELÇUKLU,KONYA|SELCUKLU,exact,1.0
TR-068b98094c,KONYA,SEYDİŞEHİR,KONYA / SEYDİŞEHİR,KONYA|SEYDISEHIR,exact,1.0
TR-b9758137c3,KONYA,TAŞKENT,KONYA / TAŞKENT,KONYA|TASKENT,exact,1.0
TR-365d71c6ee,KONYA,TUZLUKÇU,KONYA / TUZLUKÇU,KONYA|TUZLUKCU,exact,1.0
TR-bee7c052c7,KONYA,YALIHÜYÜK,KONYA / YALIHÜYÜK,KONYA|YALIHUYUK,exact,1.0
TR-3139ee61a8,KONYA,YUNAK,KONYA / YUNAK,KONYA|YUNAK,exact,1.0
TR-21efe03ee6,KONYA,ÇELTİK,KONYA / ÇELTİK,KONYA|CELTIK,exact,1.0
TR-656c45a74e,KONYA,ÇUMRA,KONYA / ÇUMRA,KONYA|CUMRA,exact,1.0
TR-db369459ae,KÜTAHYA,ALTINTAŞ,KÜTAHYA / ALTINTAŞ,KUTAHYA|ALTINTAS,exact,1.0
TR-9f7f8b6fbc,KÜTAHYA,ASLANAPA,KÜTAHYA / ASLANAPA,KUTAHYA|ASLANAPA,exact,1.0
TR-3bb49be437,KÜTAHYA,DOMANİÇ,KÜTAHYA / DOMANİÇ,KUTAHYA|DOMANIC,exact,1.0
TR-0bc973fb64,KÜTAHYA,DUMLUPINAR,KÜTAHYA / DUMLUPINAR,KUTAHYA|DUMLUPINAR,exact,1.0
TR-485ca0c3a3,KÜTAHYA,EMET,KÜTAHYA / EMET,KUTAHYA|EMET,exact,1.0
TR-ba99f6c18e,KÜTAHYA,GEDİZ,KÜTAHYA / GEDİZ,KUTAHYA|GEDIZ,exact,1.0
TR-1316d26766,KÜTAHYA,HİSARCIK,KÜTAHYA / HİSARCIK,KUTAHYA|HISARCIK,exact,1.0
TR-708c82b6c9,KÜTAHYA,KÜTAHYA,KÜTAHYA / KÜTAHYA,KUTAHYA|KUTAHYA,exact,1.0
TR-aa7114bbbd,KÜTAHYA,PAZARLAR,KÜTAHYA / PAZARLAR,KUTAHYA|PAZARLAR,exact,1.0
TR-defc8fb5bb,KÜTAHYA,SİMAV,KÜTAHYA / SİMAV,KUTAHYA|SIMAV,exact,1.0
TR-33866787d4,KÜTAHYA,TAVŞANLI,KÜTAHYA / TAVŞANLI,KUTAHYA|TAVSANLI,exact,1.0
TR-85543a21dd,KÜTAHYA,ÇAVDARHİSAR,KÜTAHYA / ÇAVDARHİSAR,KUTAHYA|CAVDARHISAR,exact,1.0
TR-5aa1878523,KÜTAHYA,ŞAPHANE,KÜTAHYA / ŞAPHANE,KUTAHYA|SAPHANE,exact,1.0
TR-eacb115273,KİLİS,ELBEYLİ,KİLİS / ELBEYLİ,KILIS|ELBEYLI,exact,1.0
TR-4aa8ead7cc,KİLİS,KİLİS,KİLİS / KİLİS,KILIS|KILIS,exact,1.0
TR-b0fb92f94c,KİLİS,MUSABEYLİ,KİLİS / MUSABEYLİ,KILIS|MUSABEYLI,exact,1.0
TR-18282a26f1,KİLİS,POLATELİ,KİLİS / POLATELİ,KILIS|POLATELI,exact,1.0
TR-ffe86b5109,MALATYA,AKÇADAĞ,MALATYA / AKÇADAĞ,MALATYA|AKCADAG,exact,1.0
TR-15de22a4f8,MALATYA,ARAPKİR(ARAPGİR),MALATYA / ARAPKİR(ARAPGİR),MALATYA|ARAPKIR(ARAPGIR),exact,1.0
TR-1495bab343,MALATYA,ARGUVAN,MALATYA / ARGUVAN,MALATYA|ARGUVAN,exact,1.0
TR-b8d959be37,MALATYA,BATTALGAZİ,MALATYA / BATTALGAZİ,MALATYA|BATTALGAZI,exact,1.0
TR-497fe1cf03,MALATYA,DARENDE,MALATYA / DARENDE,MALATYA|DARENDE,exact,1.0
TR-91e46a88f8,MALATYA,DOĞANYOL,MALATYA / DOĞANYOL,MALATYA|DOGANYOL,exact,1.0
TR-65565eb800,MALATYA,DOĞANŞEHİR,MALATYA / DOĞANŞEHİR,MALATYA|DOGANSEHIR,exact,1.0
TR-43d843b5ae,MALATYA,HEKİMHAN,MALATYA / HEKİMHAN,MALATYA|HEKIMHAN,exact,1.0
TR-7eb356e95b,MALATYA,KALE,MALATYA / KALE,MALATYA|KALE,exact,1.0
TR-9be9737aa1,MALATYA,KULUNCAK,MALATYA / KULUNCAK,MALATYA|KULUNCAK,exact,1.0
TR-a36b6cbdd3,MALATYA,MALATYA,MALATYA / MALATYA,MALATYA|MALATYA,exact,1.0
TR-1d1d1e9104,MALATYA,PÜTÜRGE(PÖTÜRGE),MALATYA / PÜTÜRGE(PÖTÜRGE),MALATYA|PUTURGE(POTURGE),exact,1.0
TR-ed2e1c73fe,MALATYA,YAZIHAN,MALATYA / YAZIHAN,MALATYA|YAZIHAN,exact,1.0
TR-e3613f4657,MALATYA,YEŞİLYURT,MALATYA / YEŞİLYURT,MALATYA|YESILYURT,exact,1.0
TR-1c7d63550d,MANİSA,AHMETLİ,MANİSA / AHMETLİ,MANISA|AHMETLI,exact,1.0
TR-98630c014d,MANİSA,AKHİSAR,MANİSA / AKHİSAR,MANISA|AKHISAR,exact,1.0
TR-aa33d80033,MANİSA,ALAŞEHİR,MANİSA / ALAŞEHİR,MANISA|ALASEHIR,exact,1.0
TR-a93f27d48d,MANİSA,DEMİRCİ,MANİSA / DEMİRCİ,MANISA|DEMIRCI,exact,1.0
TR-40d7cada0c,MANİSA,GÖLMARMARA,MANİSA / GÖLMARMARA,MANISA|GOLMARMARA,exact,1.0
TR-5a3af89829,MANİSA,GÖRDES,MANİSA / GÖRDES,MANISA|GORDES,exact,1.0
TR-f0885e36cb,MANİSA,KIRKAĞAÇ,MANİSA / KIRKAĞAÇ,MANISA|KIRKAGAC,exact,1.0
TR-3758fb3fca,MANİSA,KULA,MANİSA / KULA,MANISA|KULA,exact,1.0
TR-94e8fef059,MANİSA,KÖPRÜBAŞI,MANİSA / KÖPRÜBAŞI,MANISA|KOPRUBASI,exact,1.0
TR-ae1912de99,MANİSA,MANİSA,MANİSA / MANİSA,MANISA|MANISA,exact,1.0
TR-6b3f6d011f,MANİSA,SALİHLİ,MANİSA / SALİHLİ,MANISA|SALIHLI,exact,1.0
TR-17c5fa87d8,MANİSA,SARIGÖL,MANİSA / SARIGÖL,MANISA|SARIGOL,exact,1.0
TR-8d605ac733,MANİSA,SARUHANLI,MANİSA / SARUHANLI,MANISA|SARUHANLI,exact,1.0
TR-dc78cdcf42,MANİSA,SELENDİ,MANİSA / SELENDİ,MANISA|SELENDI,exact,1.0
TR-be23dcafa1,MANİSA,SOMA,MANİSA / SOMA,MANISA|SOMA,exact,1.0
TR-26cf1aed68,MANİSA,TURGUTLU,MANİSA / TURGUTLU,MANISA|TURGUTLU,exact,1.0
TR-18f5627920,MARDİN,DARGEÇİT,MARDİN / DARGEÇİT,MARDIN|DARGECIT,exact,1.0
TR-a6d8b4c121,MARDİN,DERİK,MARDİN / DERİK,MARDIN|DERIK,exact,1.0
TR-0842b2617e,MARDİN,KIZILTEPE,MARDİN / KIZILTEPE,MARDIN|KIZILTEPE,exact,1.0
TR-6c8c7b5832,MARDİN,MARDİN,MARDİN / MARDİN,MARDIN|MARDIN,exact,1.0
TR-9ac583b9d4,MARDİN,MAZIDAĞI,MARDİN / MAZIDAĞI,MARDIN|MAZIDAGI,exact,1.0
TR-1e30779ce8,MARDİN,MİDYAT(ESTEL),MARDİN / MİDYAT(ESTEL),MARDIN|MIDYAT(ESTEL),exact,1.0
TR-a51bfaf2bf,MARDİN,NUSAYBİN,MARDİN / NUSAYBİN,MARDIN|NUSAYBIN,exact,1.0
TR-1e6fa88e95,MARDİN,SAVUR,MARDİN / SAVUR,MARDIN|SAVUR,exact,1.0
TR-2477a161c5,MARDİN,YEŞİLLİ,MARDİN / YEŞİLLİ,MARDIN|YESILLI,exact,1.0
TR-1803ae1f0f,MARDİN,ÖMERLİ,MARDİN / ÖMERLİ,MARDIN|OMERLI,exact,1.0
TR-803a919118,MERSİN(İÇEL),AKDENİZ,MERSİN(İÇEL) / AKDENİZ,MERSIN(ICEL)|AKDENIZ,exact,1.0
TR-d0ab088635,MERSİN(İÇEL),ANAMUR,MERSİN(İÇEL) / ANAMUR,MERSIN(ICEL)|ANAMUR,exact,1.0
TR-cf6b4c7d9a,MERSİN(İÇEL),AYDINCIK,MERSİN(İÇEL) / AYDINCIK,MERSIN(ICEL)|AYDINCIK,exact,1.0
TR-7ba642e59a,MERSİN(İÇEL),BOZYAZI,MERSİN(İÇEL) / BOZYAZI,MERSIN(ICEL)|BOZYAZI,exact,1.0
TR-12b8ae77bd,MERSİN(İÇEL),ERDEMLİ,MERSİN(İÇEL) / ERDEMLİ,MERSIN(ICEL)|ERDEMLI,exact,1.0
TR-51c1acb869,MERSİN(İÇEL),GÜLNAR (GÜLPINAR),MERSİN(İÇEL) / GÜLNAR (GÜLPINAR),MERSIN(ICEL)|GULNAR (GULPINAR),exact,1.0
TR-e4c462a713,MERSİN(İÇEL),MEZİTLİ,MERSİN(İÇEL) / MEZİTLİ,MERSIN(ICEL)|MEZITLI,exact,1.0
TR-f9c73e7f0b,MERSİN(İÇEL),MUT,MERSİN(İÇEL) / MUT,MERSIN(ICEL)|MUT,exact,1.0
TR-99952ddc81,MERSİN(İÇEL),SİLİFKE,MERSİN(İÇEL) / SİLİFKE,MERSIN(ICEL)|SILIFKE,exact,1.0
TR-9bd34d32e4,MERSİN(İÇEL),TARSUS,MERSİN(İÇEL) / TARSUS,MERSIN(ICEL)|TARSUS,exact,1.0
TR-b8df6e2b61,MERSİN(İÇEL),TOROSLAR,MERSİN(İÇEL) / TOROSLAR,MERSIN(ICEL)|TOROSLAR,exact,1.0
TR-775581ea4f,MERSİN(İÇEL),YENİŞEHİR,MERSİN(İÇEL) / YENİŞEHİR,MERSIN(ICEL)|YENISEHIR,exact,1.0
TR-0959186080,MERSİN(İÇEL),ÇAMLIYAYLA,MERSİN(İÇEL) / ÇAMLIYAYLA,MERSIN(ICEL)|CAMLIYAYLA,exact,1.0
TR-835915660d,MUĞLA,BODRUM,MUĞLA / BODRUM,MUGLA|BODRUM,exact,1.0
TR-0adc23cfac,MUĞLA,DALAMAN,MUĞLA / DALAMAN,MUGLA|DALAMAN,exact,1.0
TR-8df636e5d8,MUĞLA,DATÇA,MUĞLA / DATÇA,MUGLA|DATCA,exact,1.0
TR-b70f917be4,MUĞLA,FETHİYE,MUĞLA / FETHİYE,MUGLA|FETHIYE,exact,1.0
TR-3285f09740,MUĞLA,KAVAKLIDERE,MUĞLA / KAVAKLIDERE,MUGLA|KAVAKLIDERE,exact,1.0
TR-8da789c435,MUĞLA,KÖYCEĞİZ,MUĞLA / KÖYCEĞİZ,MUGLA|KOYCEGIZ,exact,1.0
TR-9e1c10eede,MUĞLA,MARMARİS,MUĞLA / MARMARİS,MUGLA|MARMARIS,exact,1.0
TR-cb75c26a4a,MUĞLA,MUĞLA,MUĞLA / MUĞLA,MUGLA|MUGLA,exact,1.0
TR-0c72b7c1b5,MUĞLA,MİLAS,MUĞLA / MİLAS,MUGLA|MILAS,exact,1.0
TR-b78d920f4b,MUĞLA,ORTACA,MUĞLA / ORTACA,MUGLA|ORTACA,exact,1.0
TR-f1f2ae6882,MUĞLA,ULA,MUĞLA / ULA,MUGLA|ULA,exact,1.0
TR-50631d09b8,MUĞLA,YATAĞAN,MUĞLA / YATAĞAN,MUGLA|YATAGAN,exact,1.0
TR-4254ef6dc8,MUŞ,BULANIK,MUŞ / BULANIK,MUS|BULANIK,exact,1.0
TR-9d9c5875dd,MUŞ,HASKÖY,MUŞ / HASKÖY,MUS|HASKOY,exact,1.0
TR-5a8206ecee,MUŞ,KORKUT,MUŞ / KORKUT,MUS|KORKUT,exact,1.0
TR-1ff1a8e897,MUŞ,MALAZGİRT,MUŞ / MALAZGİRT,MUS|MALAZGIRT,exact,1.0
TR-eca3eeeab4,MUŞ,MUŞ,MUŞ / MUŞ,MUS|MUS,exact,1.0
TR-80c25773b4,MUŞ,VARTO,MUŞ / VARTO,MUS|VARTO,exact,1.0
TR-e32bb1147b,NEVŞEHİR,ACIGÖL,NEVŞEHİR / ACIGÖL,NEVSEHIR|ACIGOL,exact,1.0
TR-d962785257,NEVŞEHİR,AVANOS,NEVŞEHİR / AVANOS,NEVSEHIR|AVANOS,exact,1.0
TR-a3bc7af4f8,NEVŞEHİR,DERİNKUYU,NEVŞEHİR / DERİNKUYU,NEVSEHIR|DERINKUYU,exact,1.0
TR-e1a05963c6,NEVŞEHİR,GÜLŞEHİR,NEVŞEHİR / GÜLŞEHİR,NEVSEHIR|GULSEHIR,exact,1.0
TR-ba6604830f,NEVŞEHİR,HACIBEKTAŞ,NEVŞEHİR / HACIBEKTAŞ,NEVSEHIR|HACIBEKTAS,exact,1.0
TR-b195a19fa3,NEVŞEHİR,KOZAKLI,NEVŞEHİR / KOZAKLI,NEVSEHIR|KOZAKLI,exact,1.0
TR-14a74802d5,NEVŞEHİR,NEVŞEHİR,NEVŞEHİR / NEVŞEHİR,NEVSEHIR|NEVSEHIR,exact,1.0
TR-d3d69c0f54,NEVŞEHİR,ÜRGÜP,NEVŞEHİR / ÜRGÜP,NEVSEHIR|URGUP,exact,1.0
TR-a5a4da78c2,NİĞDE,ALTUNHİSAR,NİĞDE / ALTUNHİSAR,NIGDE|ALTUNHISAR,exact,1.0
TR-87b533a43c,NİĞDE,BOR,NİĞDE / BOR,NIGDE|BOR,exact,1.0
TR-d1c130a17f,NİĞDE,NİĞDE,NİĞDE / NİĞDE,NIGDE|NIGDE,exact,1.0
TR-ef6c735526,NİĞDE,ULUKIŞLA,NİĞDE / ULUKIŞLA,NIGDE|ULUKISLA,exact,1.0
TR-83977249f5,NİĞDE,ÇAMARDI,NİĞDE / ÇAMARDI,NIGDE|CAMARDI,exact,1.0
TR-6bf3bab281,NİĞDE,ÇİFTLİK(ÖZYURT),NİĞDE / ÇİFTLİK(ÖZYURT),NIGDE|CIFTLIK(OZYURT),exact,1.0
TR-be6435e3c4,ORDU,AKKUŞ,ORDU / AKKUŞ,ORDU|AKKUS,exact,1.0
TR-f75c55e5f8,ORDU,AYBASTI,ORDU / AYBASTI,ORDU|AYBASTI,exact,1.0
TR-6e8a069583,ORDU,FATSA,ORDU / FATSA,ORDU|FATSA,exact,1.0
TR-1bffe39db9,ORDU,GÖLKÖY,ORDU / GÖLKÖY,ORDU|GOLKOY,exact,1.0
TR-51b48844bb,ORDU,GÜLYALI,ORDU / GÜLYALI,ORDU|GULYALI,exact,1.0
TR-464d886967,ORDU,GÜRGENTEPE,ORDU / GÜRGENTEPE,ORDU|GURGENTEPE,exact,1.0
TR-cb8baf25a0,ORDU,KABADÜZ(KARADÜZ),ORDU / KABADÜZ(KARADÜZ),ORDU|KABADUZ(KARADUZ),exact,1.0
TR-a534824aab,ORDU,KABATAŞ,ORDU / KABATAŞ,ORDU|KABATAS,exact,1.0
TR-d2ea53152f,ORDU,KORGAN,ORDU / KORGAN,ORDU|KORGAN,exact,1.0
TR-0901911c09,ORDU,KUMRU,ORDU / KUMRU,ORDU|KUMRU,exact,1.0
TR-617eb7ec26,ORDU,MESUDİYE,ORDU / MESUDİYE,ORDU|MESUDIYE,exact,1.0
TR-538ae5c9c7,ORDU,ORDU,ORDU / ORDU,ORDU|ORDU,exact,1.0
TR-90e6afbe63,ORDU,PERŞEMBE,ORDU / PERŞEMBE,ORDU|PERSEMBE,exact,1.0
TR-399b96f0b2,ORDU,ULUBEY,ORDU / ULUBEY,ORDU|ULUBEY,exact,1.0
TR-92e9de32d5,ORDU,ÇAMAŞ,ORDU / ÇAMAŞ,ORDU|CAMAS,exact,1.0
TR-5d1be84f3a,ORDU,ÇATALPINAR,ORDU / ÇATALPINAR,ORDU|CATALPINAR,exact,1.0
TR-bf5b1e1bb7,ORDU,ÇAYBAŞI,ORDU / ÇAYBAŞI,ORDU|CAYBASI,exact,1.0
TR-1396d8def9,ORDU,ÜNYE,ORDU / ÜNYE,ORDU|UNYE,exact,1.0
TR-24d9a2f2a3,ORDU,İKİZCE,ORDU / İKİZCE,ORDU|IKIZCE,exact,1.0
TR-bb493da872,OSMANİYE,BAHÇE,OSMANİYE / BAHÇE,OSMANIYE|BAHCE,exact,1.0
TR-bffee7c8c1,OSMANİYE,DÜZİÇİ,OSMANİYE / DÜZİÇİ,OSMANIYE|DUZICI,exact,1.0
TR-ebe3f0420d,OSMANİYE,HASANBEYLİ,OSMANİYE / HASANBEYLİ,OSMANIYE|HASANBEYLI,exact,1.0
TR-f6f727054a,OSMANİYE,KADİRLİ,OSMANİYE / KADİRLİ,OSMANIYE|KADIRLI,exact,1.0
TR-25b9e7fb15,OSMANİYE,OSMANİYE,OSMANİYE / OSMANİYE,OSMANIYE|OSMANIYE,exact,1.0
TR-9dc08152df,OSMANİYE,SUMBAS,OSMANİYE / SUMBAS,OSMANIYE|SUMBAS,exact,1.0
TR-fe17bcd0c0,OSMANİYE,TOPRAKKALE,OSMANİYE / TOPRAKKALE,OSMANIYE|TOPRAKKALE,exact,1.0
TR-ca84e7a418,RİZE,ARDEŞEN,RİZE / ARDEŞEN,RIZE|ARDESEN,exact,1.0
TR-201b36c61f,RİZE,DEREPAZARI,RİZE / DEREPAZARI,RIZE|DEREPAZARI,exact,1.0
TR-67ab41ea3a,RİZE,FINDIKLI,RİZE / FINDIKLI,RIZE|FINDIKLI,exact,1.0
TR-cdea90c1f9,RİZE,GÜNEYSU,RİZE / GÜNEYSU,RIZE|GUNEYSU,exact,1.0
TR-e46c01697b,RİZE,HEMŞİN,RİZE / HEMŞİN,RIZE|HEMSIN,exact,1.0
TR-86ad4589f2,RİZE,KALKANDERE,RİZE / KALKANDERE,RIZE|KALKANDERE,exact,1.0
TR-b4535aafe1,RİZE,PAZAR,RİZE / PAZAR,RIZE|PAZAR,exact,1.0
TR-0da8ba19e6,RİZE,RİZE,RİZE / RİZE,RIZE|RIZE,exact,1.0
TR-f8306cab0d,RİZE,ÇAMLIHEMŞİN,RİZE / ÇAMLIHEMŞİN,RIZE|CAMLIHEMSIN,exact,1.0
TR-a47431e3f1,RİZE,ÇAYELİ,RİZE / ÇAYELİ,RIZE|CAYELI,exact,1.0
TR-c9f6d3390d,RİZE,İKİZDERE,RİZE / İKİZDERE,RIZE|IKIZDERE,exact,1.0
TR-01e7b4264c,RİZE,İYİDERE,RİZE / İYİDERE,RIZE|IYIDERE,exact,1.0
TR-b071b8df95,SAKARYA,ADAPAZARI,SAKARYA / ADAPAZARI,SAKARYA|ADAPAZARI,exact,1.0
TR-6ecc6fc74b,SAKARYA,AKYAZI,SAKARYA / AKYAZI,SAKARYA|AKYAZI,exact,1.0
TR-4db9f9adb6,SAKARYA,ARİFİYE,SAKARYA / ARİFİYE,SAKARYA|ARIFIYE,exact,1.0
TR-698a52e2e8,SAKARYA,ERENLER,SAKARYA / ERENLER,SAKARYA|ERENLER,exact,1.0
TR-f4b3b282bc,SAKARYA,FERİZLİ,SAKARYA / FERİZLİ,SAKARYA|FERIZLI,exact,1.0
TR-947899331c,SAKARYA,GEYVE,SAKARYA / GEYVE,SAKARYA|GEYVE,exact,1.0
TR-969799c4fa,SAKARYA,HENDEK,SAKARYA / HENDEK,SAKARYA|HENDEK,exact,1.0
TR-92b9f0c6b3,SAKARYA,KARAPÜRÇEK,SAKARYA / KARAPÜRÇEK,SAKARYA|KARAPURCEK,exact,1.0
TR-b348934888,SAKARYA,KARASU,SAKARYA / KARASU,SAKARYA|KARASU,exact,1.0
TR-fec668e511,SAKARYA,KAYNARCA,SAKARYA / KAYNARCA,SAKARYA|KAYNARCA,exact,1.0
TR-fae0c382df,SAKARYA,KOCAALİ,SAKARYA / KOCAALİ,SAKARYA|KOCAALI,exact,1.0
TR-417b68ad73,SAKARYA,PAMUKOVA,SAKARYA / PAMUKOVA,SAKARYA|PAMUKOVA,exact,1.0
TR-bfd5f3612a,SAKARYA,SAPANCA,SAKARYA / SAPANCA,SAKARYA|SAPANCA,exact,1.0
TR-26848cb068,SAKARYA,SERDİVAN,SAKARYA / SERDİVAN,SAKARYA|SERDIVAN,exact,1.0
TR-cdd1799352,SAKARYA,SÖĞÜTLÜ,SAKARYA / SÖĞÜTLÜ,SAKARYA|SOGUTLU,exact,1.0
TR-40ba654ace,SAKARYA,TARAKLI,SAKARYA / TARAKLI,SAKARYA|TARAKLI,exact,1.0
TR-84a953cf08,SAMSUN,ALAÇAM,SAMSUN / ALAÇAM,SAMSUN|ALACAM,exact,1.0
TR-0f2eb17e78,SAMSUN,ASARCIK,SAMSUN / ASARCIK,SAMSUN|ASARCIK,exact,1.0
TR-2a2e45355c,SAMSUN,ATAKUM,SAMSUN / ATAKUM,SAMSUN|ATAKUM,exact,1.0
TR-dff413f8cb,SAMSUN,AYVACIK,SAMSUN / AYVACIK,SAMSUN|AYVACIK,exact,1.0
TR-731bb02944,SAMSUN,BAFRA,SAMSUN / BAFRA,SAMSUN|BAFRA,exact,1.0
TR-439aa196e3,SAMSUN,CANİK,SAMSUN / CANİK,SAMSUN|CANIK,exact,1.0
TR-5dac5f248b,SAMSUN,HAVZA,SAMSUN / HAVZA,SAMSUN|HAVZA,exact,1.0
TR-7e45ce7f7e,SAMSUN,KAVAK,SAMSUN / KAVAK,SAMSUN|KAVAK,exact,1.0
TR-f5ba3b7577,SAMSUN,LADİK,SAMSUN / LADİK,SAMSUN|LADIK,exact,1.0
TR-9689e18f70,SAMSUN,ONDOKUZMAYIS(BALLICA),SAMSUN / ONDOKUZMAYIS(BALLICA),SAMSUN|ONDOKUZMAYIS(BALLICA),exact,1.0
TR-c04462d8c6,SAMSUN,SALIPAZARI,SAMSUN / SALIPAZARI,SAMSUN|SALIPAZARI,exact,1.0
TR-6704af1be1,SAMSUN,TEKKEKÖY,SAMSUN / TEKKEKÖY,SAMSUN|TEKKEKOY,exact,1.0
TR-fd1f7f9bb4,SAMSUN,TERME,SAMSUN / TERME,SAMSUN|TERME,exact,1.0
TR-7b2c9e886f,SAMSUN,VEZİRKÖPRÜ,SAMSUN / VEZİRKÖPRÜ,SAMSUN|VEZIRKOPRU,exact,1.0
TR-3e9ea5c6a2,SAMSUN,YAKAKENT,SAMSUN / YAKAKENT,SAMSUN|YAKAKENT,exact,1.0
TR-72a1716a9d,SAMSUN,ÇARŞAMBA,SAMSUN / ÇARŞAMBA,SAMSUN|CARSAMBA,exact,1.0
TR-436a0c3d4e,SAMSUN,İLKADIM,SAMSUN / İLKADIM,SAMSUN|ILKADIM,exact,1.0
TR-36d25e9daa,SİNOP,AYANCIK,SİNOP / AYANCIK,SINOP|AYANCIK,exact,1.0
TR-92ccaf3364,SİNOP,BOYABAT,SİNOP / BOYABAT,SINOP|BOYABAT,exact,1.0
TR-1b88f75126,SİNOP,DURAĞAN,SİNOP / DURAĞAN,SINOP|DURAGAN,exact,1.0
TR-2f6f13448f,SİNOP,DİKMEN,SİNOP / DİKMEN,SINOP|DIKMEN,exact,1.0
TR-bdb1d116c0,SİNOP,ERFELEK,SİNOP / ERFELEK,SINOP|ERFELEK,exact,1.0
TR-0d4cfdddc2,SİNOP,GERZE,SİNOP / GERZE,SINOP|GERZE,exact,1.0
TR-2beae14df4,SİNOP,SARAYDÜZÜ,SİNOP / SARAYDÜZÜ,SINOP|SARAYDUZU,exact,1.0
TR-f54aea5e6d,SİNOP,SİNOP,SİNOP / SİNOP,SINOP|SINOP,exact,1.0
TR-bce6741b36,SİNOP,TÜRKELİ,SİNOP / TÜRKELİ,SINOP|TURKELI,exact,1.0
TR-8e8b266a88,SİVAS,AKINCILAR,SİVAS / AKINCILAR,SIVAS|AKINCILAR,exact,1.0
TR-281e224f0b,SİVAS,ALTINYAYLA,SİVAS / ALTINYAYLA,SIVAS|ALTINYAYLA,exact,1.0
TR-2311fd27db,SİVAS,DOĞANŞAR,SİVAS / DOĞANŞAR,SIVAS|DOGANSAR,exact,1.0
TR-1541351bcc,SİVAS,DİVRİĞİ,SİVAS / DİVRİĞİ,SIVAS|DIVRIGI,exact,1.0
TR-46fdd48ccd,SİVAS,GEMEREK,SİVAS / GEMEREK,SIVAS|GEMEREK,exact,1.0
TR-ee09444e14,SİVAS,GÖLOVA,SİVAS / GÖLOVA,SIVAS|GOLOVA,exact,1.0
TR-f5bd85fb6a,SİVAS,GÜRÜN,SİVAS / GÜRÜN,SIVAS|GURUN,exact,1.0
TR-79c8df41d2,SİVAS,HAFİK,SİVAS / HAFİK,SIVAS|HAFIK,exact,1.0
TR-0553c14ace,SİVAS,KANGAL,SİVAS / KANGAL,SIVAS|KANGAL,exact,1.0
TR-6efb3faeb9,SİVAS,KOYULHİSAR,SİVAS / KOYULHİSAR,SIVAS|KOYULHISAR,exact,1.0
TR-19ab2f374d,SİVAS,SUŞEHRİ,SİVAS / SUŞEHRİ,SIVAS|SUSEHRI,exact,1.0
TR-34d8f1d241,SİVAS,SİVAS,SİVAS / SİVAS,SIVAS|SIVAS,exact,1.0
TR-fd2cc837f9,SİVAS,ULAŞ,SİVAS / ULAŞ,SIVAS|ULAS,exact,1.0
TR-7322f5a981,SİVAS,YILDIZELİ,SİVAS / YILDIZELİ,SIVAS|YILDIZELI,exact,1.0
TR-f62dd5469c,SİVAS,ZARA,SİVAS / ZARA,SIVAS|ZARA,exact,1.0
TR-a03035f36a,SİVAS,İMRANLI,SİVAS / İMRANLI,SIVAS|IMRANLI,exact,1.0
TR-2b1faf3c34,SİVAS,ŞARKIŞLA,SİVAS / ŞARKIŞLA,SIVAS|SARKISLA,exact,1.0
TR-bf5bc44bac,SİİRT,AYDINLAR,SİİRT / AYDINLAR,SIIRT|AYDINLAR,exact,1.0
TR-2ea5fc808e,SİİRT,BAYKAN,SİİRT / BAYKAN,SIIRT|BAYKAN,exact,1.0
TR-b4049b2095,SİİRT,ERUH,SİİRT / ERUH,SIIRT|ERUH,exact,1.0
TR-6ebddcfc4a,SİİRT,KURTALAN,SİİRT / KURTALAN,SIIRT|KURTALAN,exact,1.0
TR-5e3cd2d23f,SİİRT,PERVARİ,SİİRT / PERVARİ,SIIRT|PERVARI,exact,1.0
TR-81d8a42539,SİİRT,SİİRT,SİİRT / SİİRT,SIIRT|SIIRT,exact,1.0
TR-3323d5f602,SİİRT,ŞİRVAN,SİİRT / ŞİRVAN,SIIRT|SIRVAN,exact,1.0
TR-8984cfc0cc,TEKİRDAĞ,HAYRABOLU,TEKİRDAĞ / HAYRABOLU,TEKIRDAG|HAYRABOLU,exact,1.0
TR-bbf66a532f,TEKİRDAĞ,MALKARA,TEKİRDAĞ / MALKARA,TEKIRDAG|MALKARA,exact,1.0
TR-622dd724fd,TEKİRDAĞ,MARMARAEREĞLİSİ,TEKİRDAĞ / MARMARAEREĞLİSİ,TEKIRDAG|MARMARAEREGLISI,exact,1.0
TR-a2d5cfbe93,TEKİRDAĞ,MURATLI,TEKİRDAĞ / MURATLI,TEKIRDAG|MURATLI,exact,1.0
TR-f12db01319,TEKİRDAĞ,SARAY,TEKİRDAĞ / SARAY,TEKIRDAG|SARAY,exact,1.0
TR-28a63d8ce6,TEKİRDAĞ,TEKİRDAĞ,TEKİRDAĞ / TEKİRDAĞ,TEKIRDAG|TEKIRDAG,exact,1.0
TR-eebeddfce4,TEKİRDAĞ,ÇERKEZKÖY,TEKİRDAĞ / ÇERKEZKÖY,TEKIRDAG|CERKEZKOY,exact,1.0
TR-dd353cdd72,TEKİRDAĞ,ÇORLU,TEKİRDAĞ / ÇORLU,TEKIRDAG|CORLU,exact,1.0
TR-38dc1f8978,TEKİRDAĞ,ŞARKÖY,TEKİRDAĞ / ŞARKÖY,TEKIRDAG|SARKOY,exact,1.0
TR-34b5f282ff,TOKAT,ALMUS,TOKAT / ALMUS,TOKAT|ALMUS,exact,1.0
TR-66ddd5a5b8,TOKAT,ARTOVA,TOKAT / ARTOVA,TOKAT|ARTOVA,exact,1.0
TR-b1c468e5e6,TOKAT,BAŞÇİFTLİK,TOKAT / BAŞÇİFTLİK,TOKAT|BASCIFTLIK,exact,1.0
TR-97ec8cb68d,TOKAT,ERBAA,TOKAT / ERBAA,TOKAT|ERBAA,exact,1.0
TR-d45fca5c48,TOKAT,NİKSAR,TOKAT / NİKSAR,TOKAT|NIKSAR,exact,1.0
TR-7974574407,TOKAT,PAZAR,TOKAT / PAZAR,TOKAT|PAZAR,exact,1.0
TR-8069036493,TOKAT,REŞADİYE,TOKAT / REŞADİYE,TOKAT|RESADIYE,exact,1.0
TR-fd68f07635,TOKAT,SULUSARAY,TOKAT / SULUSARAY,TOKAT|SULUSARAY,exact,1.0
TR-5bbf379e4b,TOKAT,TOKAT,TOKAT / TOKAT,TOKAT|TOKAT,exact,1.0
TR-1e6a425c2e,TOKAT,TURHAL,TOKAT / TURHAL,TOKAT|TURHAL,exact,1.0
TR-d73f30505e,TOKAT,YEŞİLYURT,TOKAT / YEŞİLYURT,TOKAT|YESILYURT,exact,1.0
TR-22ecb22459,TOKAT,ZİLE,TOKAT / ZİLE,TOKAT|ZILE,exact,1.0
TR-bfc51c2e42,TRABZON,AKÇAABAT,TRABZON / AKÇAABAT,TRABZON|AKCAABAT,exact,1.0
TR-d5d9f57f88,TRABZON,ARAKLI,TRABZON / ARAKLI,TRABZON|ARAKLI,exact,1.0
TR-e6a5929815,TRABZON,ARSİN,TRABZON / ARSİN,TRABZON|ARSIN,exact,1.0
TR-d5544257e0,TRABZON,BEŞİKDÜZÜ,TRABZON / BEŞİKDÜZÜ,TRABZON|BESIKDUZU,exact,1.0
TR-97a5717c5a,TRABZON,DERNEKPAZARI,TRABZON / DERNEKPAZARI,TRABZON|DERNEKPAZARI,exact,1.0
TR-dbcca3cfcd,TRABZON,DÜZKÖY,TRABZON / DÜZKÖY,TRABZON|DUZKOY,exact,1.0
TR-6a782e6d0c,TRABZON,HAYRAT,TRABZON / HAYRAT,TRABZON|HAYRAT,exact,1.0
TR-f4f99f050f,TRABZON,KÖPRÜBAŞI,TRABZON / KÖPRÜBAŞI,TRABZON|KOPRUBASI,exact,1.0
TR-9fcd38003e,TRABZON,MAÇKA,TRABZON / MAÇKA,TRABZON|MACKA,exact,1.0
TR-a58b08d657,TRABZON,OF,TRABZON / OF,TRABZON|OF,exact,1.0
TR-67531204e9,TRABZON,SÜRMENE,TRABZON / SÜRMENE,TRABZON|SURMENE,exact,1.0
TR-74dcca3300,TRABZON,TONYA,TRABZON / TONYA,TRABZON|TONYA,exact,1.0
TR-42a7ad68ca,TRABZON,TRABZON,TRABZON / TRABZON,TRABZON|TRABZON,exact,1.0
TR-3b770a2bf0,TRABZON,VAKFIKEBİR,TRABZON / VAKFIKEBİR,TRABZON|VAKFIKEBIR,exact,1.0
TR-d8dd7a1917,TRABZON,YOMRA,TRABZON / YOMRA,TRABZON|YOMRA,exact,1.0
TR-d907feb814,TRABZON,ÇARŞIBAŞI,TRABZON / ÇARŞIBAŞI,TRABZON|CARSIBASI,exact,1.0
TR-3952013b73,TRABZON,ÇAYKARA,TRABZON / ÇAYKARA,TRABZON|CAYKARA,exact,1.0
TR-08c50ef281,TRABZON,ŞALPAZARI,TRABZON / ŞALPAZARI,TRABZON|SALPAZARI,exact,1.0
TR-4312895cf0,TUNCELİ,HOZAT,TUNCELİ / HOZAT,TUNCELI|HOZAT,exact,1.0
TR-9fe217d022,TUNCELİ,MAZGİRT,TUNCELİ / MAZGİRT,TUNCELI|MAZGIRT,exact,1.0
TR-0032ee6932,TUNCELİ,NAZIMİYE,TUNCELİ / NAZIMİYE,TUNCELI|NAZIMIYE,exact,1.0
TR-ef8b0385d7,TUNCELİ,OVACIK,TUNCELİ / OVACIK,TUNCELI|OVACIK,exact,1.0
TR-e231b8ff8b,TUNCELİ,PERTEK,TUNCELİ / PERTEK,TUNCELI|PERTEK,exact,1.0
TR-6557846730,TUNCELİ,PÜLÜMÜR,TUNCELİ / PÜLÜMÜR,TUNCELI|PULUMUR,exact,1.0
TR-13b15b8d72,TUNCELİ,TUNCELİ,TUNCELİ / TUNCELİ,TUNCELI|TUNCELI,exact,1.0
TR-47c1ae0c7e,TUNCELİ,ÇEMİŞGEZEK,TUNCELİ / ÇEMİŞGEZEK,TUNCELI|CEMISGEZEK,exact,1.0
TR-a7eebb9f21,UŞAK,BANAZ,UŞAK / BANAZ,USAK|BANAZ,exact,1.0
TR-954f599d7a,UŞAK,EŞME,UŞAK / EŞME,USAK|ESME,exact,1.0
TR-3fa72c4b26,UŞAK,KARAHALLI,UŞAK / KARAHALLI,USAK|KARAHALLI,exact,1.0
TR-2fcd18b983,UŞAK,SİVASLI,UŞAK / SİVASLI,USAK|SIVASLI,exact,1.0
TR-26b057e533,UŞAK,ULUBEY,UŞAK / ULUBEY,USAK|ULUBEY,exact,1.0
TR-204e5d71a9,UŞAK,UŞAK,UŞAK / UŞAK,USAK|USAK,exact,1.0
TR-e61ac0eddf,VAN,BAHÇESARAY,VAN / BAHÇESARAY,VAN|BAHCESARAY,exact,1.0
TR-e6af28f2da,VAN,BAŞKALE,VAN / BAŞKALE,VAN|BASKALE,exact,1.0
TR-11052365ab,VAN,EDREMİT(GÜMÜŞDERE),VAN / EDREMİT(GÜMÜŞDERE),VAN|EDREMIT(GUMUSDERE),exact,1.0
TR-c8adf8443e,VAN,ERCİŞ,VAN / ERCİŞ,VAN|ERCIS,exact,1.0
TR-7e5214fc0f,VAN,GEVAŞ,VAN / GEVAŞ,VAN|GEVAS,exact,1.0
TR-f82436e6c3,VAN,GÜRPINAR,VAN / GÜRPINAR,VAN|GURPINAR,exact,1.0
TR-e230edb65f,VAN,MURADİYE,VAN / MURADİYE,VAN|MURADIYE,exact,1.0
TR-d601069c7e,VAN,SARAY,VAN / SARAY,VAN|SARAY,exact,1.0
TR-1950fc5aa5,VAN,VAN,VAN / VAN,VAN|VAN,exact,1.0
TR-f3bf6a1c3d,VAN,ÇALDIRAN,VAN / ÇALDIRAN,VAN|CALDIRAN,exact,1.0
TR-0683fbd257,VAN,ÇATAK,VAN / ÇATAK,VAN|CATAK,exact,1.0
TR-f56b86fae3,VAN,ÖZALP,VAN / ÖZALP,VAN|OZALP,exact,1.0
TR-ed74f71545,YALOVA,ALTINOVA,YALOVA / ALTINOVA,YALOVA|ALTINOVA,exact,1.0
TR-3598e50fbb,YALOVA,ARMUTLU,YALOVA / ARMUTLU,YALOVA|ARMUTLU,exact,1.0
TR-6bfc828b39,YALOVA,TERMAL,YALOVA / TERMAL,YALOVA|TERMAL,exact,1.0
TR-c952706732,YALOVA,YALOVA,YALOVA / YALOVA,YALOVA|YALOVA,exact,1.0
TR-4e4a477757,YALOVA,ÇINARCIK,YALOVA / ÇINARCIK,YALOVA|CINARCIK,exact,1.0
TR-28ba5b490c,YALOVA,ÇİFTLİKKÖY,YALOVA / ÇİFTLİKKÖY,YALOVA|CIFTLIKKOY,exact,1.0
TR-9648ef9150,YOZGAT,AKDAĞMADENİ,YOZGAT / AKDAĞMADENİ,YOZGAT|AKDAGMADENI,exact,1.0
TR-638b99a478,YOZGAT,AYDINCIK,YOZGAT / AYDINCIK,YOZGAT|AYDINCIK,exact,1.0
TR-77d76fd274,YOZGAT,BOĞAZLIYAN,YOZGAT / BOĞAZLIYAN,YOZGAT|BOGAZLIYAN,exact,1.0
TR-b548e4225e,YOZGAT,KADIŞEHRİ,YOZGAT / KADIŞEHRİ,YOZGAT|KADISEHRI,exact,1.0
TR-51d3d004ef,YOZGAT,SARAYKENT,YOZGAT / SARAYKENT,YOZGAT|SARAYKENT,exact,1.0
TR-3bb185fa8a,YOZGAT,SARIKAYA,YOZGAT / SARIKAYA,YOZGAT|SARIKAYA,exact,1.0
TR-4f5cdb5e34,YOZGAT,SORGUN,YOZGAT / SORGUN,YOZGAT|SORGUN,exact,1.0
TR-2b7fcb7fa2,YOZGAT,YENİFAKILI,YOZGAT / YENİFAKILI,YOZGAT|YENIFAKILI,exact,1.0
TR-d3b04c8d5d,YOZGAT,YERKÖY,YOZGAT / YERKÖY,YOZGAT|YERKOY,exact,1.0
TR-ab2e156c14,YOZGAT,YOZGAT,YOZGAT / YOZGAT,YOZGAT|YOZGAT,exact,1.0
TR-b8e87483e7,YOZGAT,ÇANDIR,YOZGAT / ÇANDIR,YOZGAT|CANDIR,exact,1.0
TR-bc912d084b,YOZGAT,ÇAYIRALAN,YOZGAT / ÇAYIRALAN,YOZGAT|CAYIRALAN,exact,1.0
TR-e1b987250a,YOZGAT,ÇEKEREK,YOZGAT / ÇEKEREK,YOZGAT|CEKEREK,exact,1.0
TR-d6cd349c93,YOZGAT,ŞEFAATLİ,YOZGAT / ŞEFAATLİ,YOZGAT|SEFAATLI,exact,1.0
TR-a2904272fe,ZONGULDAK,ALAPLI,ZONGULDAK / ALAPLI,ZONGULDAK|ALAPLI,exact,1.0
TR-b2a1de793e,ZONGULDAK,DEVREK,ZONGULDAK / DEVREK,ZONGULDAK|DEVREK,exact,1.0
TR-d5e4326440,ZONGULDAK,GÖKÇEBEY,ZONGULDAK / GÖKÇEBEY,ZONGULDAK|GOKCEBEY,exact,1.0
TR-f9058ff211,ZONGULDAK,KARADENİZEREĞLİ,ZONGULDAK / KARADENİZEREĞLİ,ZONGULDAK|KARADENIZEREGLI,exact,1.0
TR-6613254d40,ZONGULDAK,ZONGULDAK,ZONGULDAK / ZONGULDAK,ZONGULDAK|ZONGULDAK,exact,1.0
TR-5ef114b400,ZONGULDAK,ÇAYCUMA,ZONGULDAK / ÇAYCUMA,ZONGULDAK|CAYCUMA,exact,1.0
TR-8151ec2ca1,ÇANAKKALE,AYVACIK,ÇANAKKALE / AYVACIK,CANAKKALE|AYVACIK,exact,1.0
TR-42f22cbcc8,ÇANAKKALE,BAYRAMİÇ,ÇANAKKALE / BAYRAMİÇ,CANAKKALE|BAYRAMIC,exact,1.0
TR-2047673951,ÇANAKKALE,BOZCAADA,ÇANAKKALE / BOZCAADA,CANAKKALE|BOZCAADA,exact,1.0
TR-c29743c340,ÇANAKKALE,BİGA,ÇANAKKALE / BİGA,CANAKKALE|BIGA,exact,1.0
TR-04cda49234,ÇANAKKALE,ECEABAT,ÇANAKKALE / ECEABAT,CANAKKALE|ECEABAT,exact,1.0
TR-2544ce20e3,ÇANAKKALE,EZİNE,ÇANAKKALE / EZİNE,CANAKKALE|EZINE,exact,1.0
TR-12d2184087,ÇANAKKALE,GELİBOLU,ÇANAKKALE / GELİBOLU,CANAKKALE|GELIBOLU,exact,1.0
TR-a0147613f3,ÇANAKKALE,GÖKÇEADA(İMROZ),ÇANAKKALE / GÖKÇEADA(İMROZ),CANAKKALE|GOKCEADA(IMROZ),exact,1.0
TR-3f7aa3199b,ÇANAKKALE,LAPSEKİ,ÇANAKKALE / LAPSEKİ,CANAKKALE|LAPSEKI,exact,1.0
TR-928fca022a,ÇANAKKALE,YENİCE,ÇANAKKALE / YENİCE,CANAKKALE|YENICE,exact,1.0
TR-6f71af581a,ÇANAKKALE,ÇAN,ÇANAKKALE / ÇAN,CANAKKALE|CAN,exact,1.0
TR-d5a9061277,ÇANAKKALE,ÇANAKKALE,ÇANAKKALE / ÇANAKKALE,CANAKKALE|CANAKKALE,exact,1.0
TR-a454254408,ÇANKIRI,ATKARACALAR,ÇANKIRI / ATKARACALAR,CANKIRI|ATKARACALAR,exact,1.0
TR-d21326a9ce,ÇANKIRI,BAYRAMÖREN,ÇANKIRI / BAYRAMÖREN,CANKIRI|BAYRAMOREN,exact,1.0
TR-66d7e90cfb,ÇANKIRI,ELDİVAN,ÇANKIRI / ELDİVAN,CANKIRI|ELDIVAN,exact,1.0
TR-bb3ad7b2a2,ÇANKIRI,ILGAZ,ÇANKIRI / ILGAZ,CANKIRI|ILGAZ,exact,1.0
TR-c6be759bd0,ÇANKIRI,KIZILIRMAK,ÇANKIRI / KIZILIRMAK,CANKIRI|KIZILIRMAK,exact,1.0
TR-6307a01ea0,ÇANKIRI,KORGUN,ÇANKIRI / KORGUN,CANKIRI|KORGUN,exact,1.0
TR-efefc1101d,ÇANKIRI,KURŞUNLU,ÇANKIRI / KURŞUNLU,CANKIRI|KURSUNLU,exact,1.0
TR-ffc659f9e7,ÇANKIRI,ORTA,ÇANKIRI / ORTA,CANKIRI|ORTA,exact,1.0
TR-fdec31027f,ÇANKIRI,YAPRAKLI,ÇANKIRI / YAPRAKLI,CANKIRI|YAPRAKLI,exact,1.0
TR-e280f25433,ÇANKIRI,ÇANKIRI,ÇANKIRI / ÇANKIRI,CANKIRI|CANKIRI,exact,1.0
TR-5660d4fbc7,ÇANKIRI,ÇERKEŞ,ÇANKIRI / ÇERKEŞ,CANKIRI|CERKES,exact,1.0
TR-c8ecee537c,ÇANKIRI,ŞABANÖZÜ,ÇANKIRI / ŞABANÖZÜ,CANKIRI|SABANOZU,exact,1.0
TR-14a21f881c,ÇORUM,ALACA,ÇORUM / ALACA,CORUM|ALACA,exact,1.0
TR-d38822e5ad,ÇORUM,BAYAT,ÇORUM / BAYAT,CORUM|BAYAT,exact,1.0
TR-993ed2b9ab,ÇORUM,BOĞAZKALE,ÇORUM / BOĞAZKALE,CORUM|BOGAZKALE,exact,1.0
TR-4b7919e1e1,ÇORUM,DODURGA,ÇORUM / DODURGA,CORUM|DODURGA,exact,1.0
TR-a6230d8c75,ÇORUM,KARGI,ÇORUM / KARGI,CORUM|KARGI,exact,1.0
TR-5a58211936,ÇORUM,LAÇİN,ÇORUM / LAÇİN,CORUM|LACIN,exact,1.0
TR-3fd582415f,ÇORUM,MECİTÖZÜ,ÇORUM / MECİTÖZÜ,CORUM|MECITOZU,exact,1.0
TR-4c214302a5,ÇORUM,ORTAKÖY,ÇORUM / ORTAKÖY,CORUM|ORTAKOY,exact,1.0
TR-f9075e3b7e,ÇORUM,OSMANCIK,ÇORUM / OSMANCIK,CORUM|OSMANCIK,exact,1.0
TR-cb28162b04,ÇORUM,OĞUZLAR(KARAÖREN),ÇORUM / OĞUZLAR(KARAÖREN),CORUM|OGUZLAR(KARAOREN),exact,1.0
TR-413025dee6,ÇORUM,SUNGURLU,ÇORUM / SUNGURLU,CORUM|SUNGURLU,exact,1.0
TR-3629831d59,ÇORUM,UĞURLUDAĞ,ÇORUM / UĞURLUDAĞ,CORUM|UGURLUDAG,exact,1.0
TR-4fb873e699,ÇORUM,ÇORUM,ÇORUM / ÇORUM,CORUM|CORUM,exact,1.0
TR-d2012e790e,ÇORUM,İSKİLİP,ÇORUM / İSKİLİP,CORUM|ISKILIP,exact,1.0
TR-374651f8e4,İSTANBUL,ADALAR,İSTANBUL / ADALAR,ISTANBUL|ADALAR,exact,1.0
TR-693efd6f62,İSTANBUL,ARNAVUTKÖY,İSTANBUL / ARNAVUTKÖY,ISTANBUL|ARNAVUTKOY,exact,1.0
TR-37eb586667,İSTANBUL,ATAŞEHİR,İSTANBUL / ATAŞEHİR,ISTANBUL|ATASEHIR,exact,1.0
TR-87052831a0,İSTANBUL,AVCILAR,İSTANBUL / AVCILAR,ISTANBUL|AVCILAR,exact,1.0
TR-47f0cdb49c,İSTANBUL,BAHÇELİEVLER,İSTANBUL / BAHÇELİEVLER,ISTANBUL|BAHCELIEVLER,exact,1.0
TR-e725275c62,İSTANBUL,BAKIRKÖY,İSTANBUL / BAKIRKÖY,ISTANBUL|BAKIRKOY,exact,1.0
TR-5ae247610f,İSTANBUL,BAYRAMPAŞA,İSTANBUL / BAYRAMPAŞA,ISTANBUL|BAYRAMPASA,exact,1.0
TR-06fb3db9b7,İSTANBUL,BAĞCILAR,İSTANBUL / BAĞCILAR,ISTANBUL|BAGCILAR,exact,1.0
TR-63139a7dda,İSTANBUL,BAŞAKŞEHİR,İSTANBUL / BAŞAKŞEHİR,ISTANBUL|BASAKSEHIR,exact,1.0
TR-9909dafc55,İSTANBUL,BEYKOZ,İSTANBUL / BEYKOZ,ISTANBUL|BEYKOZ,exact,1.0
TR-dd296f27a0,İSTANBUL,BEYLİKDÜZÜ,İSTANBUL / BEYLİKDÜZÜ,ISTANBUL|BEYLIKDUZU,exact,1.0
TR-a74029e832,İSTANBUL,BEYOĞLU,İSTANBUL / BEYOĞLU,ISTANBUL|BEYOGLU,exact,1.0
TR-f9c84a968d,İSTANBUL,BEŞİKTAŞ,İSTANBUL / BEŞİKTAŞ,ISTANBUL|BESIKTAS,exact,1.0
TR-a337eeeba2,İSTANBUL,BÜYÜKÇEKMECE,İSTANBUL / BÜYÜKÇEKMECE,ISTANBUL|BUYUKCEKMECE,exact,1.0
TR-2541b754ed,İSTANBUL,ESENLER,İSTANBUL / ESENLER,ISTANBUL|ESENLER,exact,1.0
TR-b06eb89071,İSTANBUL,ESENYURT,İSTANBUL / ESENYURT,ISTANBUL|ESENYURT,exact,1.0
TR-e8d1d7f59e,İSTANBUL,EYÜP,İSTANBUL / EYÜP,ISTANBUL|EYUP,exact,1.0
TR-fcf8fbb9f4,İSTANBUL,FATİH,İSTANBUL / FATİH,ISTANBUL|FATIH,exact,1.0
TR-427112846f,İSTANBUL,GAZİOSMANPAŞA,İSTANBUL / GAZİOSMANPAŞA,ISTANBUL|GAZIOSMANPASA,exact,1.0
TR-884410c8ac,İSTANBUL,GÜNGÖREN,İSTANBUL / GÜNGÖREN,ISTANBUL|GUNGOREN,exact,1.0
TR-2fb62af337,İSTANBUL,KADIKÖY,İSTANBUL / KADIKÖY,ISTANBUL|KADIKOY,exact,1.0
TR-14db037dbe,İSTANBUL,KARTAL,İSTANBUL / KARTAL,ISTANBUL|KARTAL,exact,1.0
TR-71d1ab1d1b,İSTANBUL,KAĞITHANE,İSTANBUL / KAĞITHANE,ISTANBUL|KAGITHANE,exact,1.0
TR-bacebe5b22,İSTANBUL,KÜÇÜKÇEKMECE,İSTANBUL / KÜÇÜKÇEKMECE,ISTANBUL|KUCUKCEKMECE,exact,1.0
TR-d92618ef00,İSTANBUL,MALTEPE,İSTANBUL / MALTEPE,ISTANBUL|MALTEPE,exact,1.0
TR-410baa4db8,İSTANBUL,PENDİK,İSTANBUL / PENDİK,ISTANBUL|PENDIK,exact,1.0
TR-2e8a3cd03f,İSTANBUL,SANCAKTEPE,İSTANBUL / SANCAKTEPE,ISTANBUL|SANCAKTEPE,exact,1.0
TR-daef4f8f81,İSTANBUL,SARIYER,İSTANBUL / SARIYER,ISTANBUL|SARIYER,exact,1.0
TR-7a8dad3195,İSTANBUL,SULTANBEYLİ,İSTANBUL / SULTANBEYLİ,ISTANBUL|SULTANBEYLI,exact,1.0
TR-38a4c0a26c,İSTANBUL,SULTANGAZİ,İSTANBUL / SULTANGAZİ,ISTANBUL|SULTANGAZI,exact,1.0
TR-956bc3e9a0,İSTANBUL,SİLİVRİ,İSTANBUL / SİLİVRİ,ISTANBUL|SILIVRI,exact,1.0
TR-001bc55484,İSTANBUL,TUZLA,İSTANBUL / TUZLA,ISTANBUL|TUZLA,exact,1.0
TR-5b6becc0f7,İSTANBUL,ZEYTİNBURNU,İSTANBUL / ZEYTİNBURNU,ISTANBUL|ZEYTINBURNU,exact,1.0
TR-a4ba68641c,İSTANBUL,ÇATALCA,İSTANBUL / ÇATALCA,ISTANBUL|CATALCA,exact,1.0
TR-d7ed8c6c39,İSTANBUL,ÇEKMEKÖY,İSTANBUL / ÇEKMEKÖY,ISTANBUL|CEKMEKOY,exact,1.0
TR-1a23b3fc6c,İSTANBUL,ÜMRANİYE,İSTANBUL / ÜMRANİYE,ISTANBUL|UMRANIYE,exact,1.0
TR-55583f2fae,İSTANBUL,ÜSKÜDAR,İSTANBUL / ÜSKÜDAR,ISTANBUL|USKUDAR,exact,1.0
TR-88aaeae982,İSTANBUL,ŞİLE,İSTANBUL / ŞİLE,ISTANBUL|SILE,exact,1.0
TR-6a8b08bf3e,İSTANBUL,ŞİŞLİ,İSTANBUL / ŞİŞLİ,ISTANBUL|SISLI,exact,1.0
TR-94c1c39830,İZMİR,ALİAĞA,İZMİR / ALİAĞA,IZMIR|ALIAGA,exact,1.0
TR-f12191b14a,İZMİR,BALÇOVA,İZMİR / BALÇOVA,IZMIR|BALCOVA,exact,1.0
TR-78730c511e,İZMİR,BAYINDIR,İZMİR / BAYINDIR,IZMIR|BAYINDIR,exact,1.0
TR-e37f55d6a3,İZMİR,BAYRAKLI,İZMİR / BAYRAKLI,IZMIR|BAYRAKLI,exact,1.0
TR-661e3d941f,İZMİR,BERGAMA,İZMİR / BERGAMA,IZMIR|BERGAMA,exact,1.0
TR-79fac7e690,İZMİR,BEYDAĞ,İZMİR / BEYDAĞ,IZMIR|BEYDAG,exact,1.0
TR-dba5b9616f,İZMİR,BORNOVA,İZMİR / BORNOVA,IZMIR|BORNOVA,exact,1.0
TR-19436be769,İZMİR,BUCA,İZMİR / BUCA,IZMIR|BUCA,exact,1.0
TR-6b756f58d2,İZMİR,DİKİLİ,İZMİR / DİKİLİ,IZMIR|DIKILI,exact,1.0
TR-db569c3b22,İZMİR,FOÇA,İZMİR / FOÇA,IZMIR|FOCA,exact,1.0
TR-5fe8828483,İZMİR,GAZİEMİR,İZMİR / GAZİEMİR,IZMIR|GAZIEMIR,exact,1.0
TR-f73019071f,İZMİR,GÜZELBAHÇE,İZMİR / GÜZELBAHÇE,IZMIR|GUZELBAHCE,exact,1.0
TR-1538e0abd3,İZMİR,KARABAĞLAR,İZMİR / KARABAĞLAR,IZMIR|KARABAGLAR,exact,1.0
TR-d789521942,İZMİR,KARABURUN,İZMİR / KARABURUN,IZMIR|KARABURUN,exact,1.0
TR-660984e7f9,İZMİR,KARŞIYAKA,İZMİR / KARŞIYAKA,IZMIR|KARSIYAKA,exact,1.0
TR-80a5874bae,İZMİR,KEMALPAŞA,İZMİR / KEMALPAŞA,IZMIR|KEMALPASA,exact,1.0
TR-601dc9b8ae,İZMİR,KINIK,İZMİR / KINIK,IZMIR|KINIK,exact,1.0
TR-eb5ab17e08,İZMİR,KONAK,İZMİR / KONAK,IZMIR|KONAK,exact,1.0
TR-e2a6e20d4b,İZMİR,KİRAZ,İZMİR / KİRAZ,IZMIR|KIRAZ,exact,1.0
TR-76c1bb8581,İZMİR,MENDERES(CUMAOVASI),İZMİR / MENDERES(CUMAOVASI),IZMIR|MENDERES(CUMAOVASI),exact,1.0
TR-76db60dd09,İZMİR,MENEMEN,İZMİR / MENEMEN,IZMIR|MENEMEN,exact,1.0
TR-a93ad31e39,İZMİR,NARLIDERE,İZMİR / NARLIDERE,IZMIR|NARLIDERE,exact,1.0
TR-36e995c75c,İZMİR,SEFERİHİSAR,İZMİR / SEFERİHİSAR,IZMIR|SEFERIHISAR,exact,1.0
TR-9da7ac167b,İZMİR,SELÇUK,İZMİR / SELÇUK,IZMIR|SELCUK,exact,1.0
TR-ca01948b82,İZMİR,TORBALI,İZMİR / TORBALI,IZMIR|TORBALI,exact,1.0
TR-c6217b8cd8,İZMİR,TİRE,İZMİR / TİRE,IZMIR|TIRE,exact,1.0
TR-fd5df85f48,İZMİR,URLA,İZMİR / URLA,IZMIR|URLA,exact,1.0
TR-0e5cf10009,İZMİR,ÇEŞME,İZMİR / ÇEŞME,IZMIR|CESME,exact,1.0
TR-f50a43ff6b,İZMİR,ÇİĞLİ,İZMİR / ÇİĞLİ,IZMIR|CIGLI,exact,1.0
TR-a57c22b9fe,İZMİR,ÖDEMİŞ,İZMİR / ÖDEMİŞ,IZMIR|ODEMIS,exact,1.0
TR-f17198f772,ŞANLIURFA,AKÇAKALE,ŞANLIURFA / AKÇAKALE,SANLIURFA|AKCAKALE,exact,1.0
TR-3ec459f989,ŞANLIURFA,BOZOVA,ŞANLIURFA / BOZOVA,SANLIURFA|BOZOVA,exact,1.0
TR-3de5e2bff4,ŞANLIURFA,BİRECİK,ŞANLIURFA / BİRECİK,SANLIURFA|BIRECIK,exact,1.0
TR-68fc693cf8,ŞANLIURFA,CEYLANPINAR,ŞANLIURFA / CEYLANPINAR,SANLIURFA|CEYLANPINAR,exact,1.0
TR-9ba80dfa08,ŞANLIURFA,HALFETİ,ŞANLIURFA / HALFETİ,SANLIURFA|HALFETI,exact,1.0
TR-d3c7833e65,ŞANLIURFA,HARRAN,ŞANLIURFA / HARRAN,SANLIURFA|HARRAN,exact,1.0
TR-0fca505235,ŞANLIURFA,HİLVAN,ŞANLIURFA / HİLVAN,SANLIURFA|HILVAN,exact,1.0
TR-d5ee265291,ŞANLIURFA,SURUÇ,ŞANLIURFA / SURUÇ,SANLIURFA|SURUC,exact,1.0
TR-278405a31f,ŞANLIURFA,SİVEREK,ŞANLIURFA / SİVEREK,SANLIURFA|SIVEREK,exact,1.0
TR-3ac43b80ce,ŞANLIURFA,VİRANŞEHİR,ŞANLIURFA / VİRANŞEHİR,SANLIURFA|VIRANSEHIR,exact,1.0
TR-8bb11dc679,ŞANLIURFA,ŞANLIURFA,ŞANLIURFA / ŞANLIURFA,SANLIURFA|SANLIURFA,exact,1.0
TR-a11d06c1cb,ŞIRNAK,BEYTÜŞŞEBAP,ŞIRNAK / BEYTÜŞŞEBAP,SIRNAK|BEYTUSSEBAP,exact,1.0
TR-73a92cdaaa,ŞIRNAK,CİZRE,ŞIRNAK / CİZRE,SIRNAK|CIZRE,exact,1.0
TR-f5677966c2,ŞIRNAK,GÜÇLÜKONAK,ŞIRNAK / GÜÇLÜKONAK,SIRNAK|GUCLUKONAK,exact,1.0
TR-e57ef74081,ŞIRNAK,SİLOPİ,ŞIRNAK / SİLOPİ,SIRNAK|SILOPI,exact,1.0
TR-3b07fd3b63,ŞIRNAK,ULUDERE,ŞIRNAK / ULUDERE,SIRNAK|ULUDERE,exact,1.0
TR-9a56128712,ŞIRNAK,İDİL,ŞIRNAK / İDİL,SIRNAK|IDIL,exact,1.0
TR-76a11dfefc,ŞIRNAK,ŞIRNAK,ŞIRNAK / ŞIRNAK,SIRNAK|SIRNAK,exact,1.0
